Lattice Timing Report -  Setup  and Hold, Version Radiant Software (64-bit) 2026.1.0.37.0

Mon Sep  7 01:03:08 2026

Copyright (c) 1991-1994 by NeoCAD Inc. All rights reserved.
Copyright (c) 1995 AT&T Corp.   All rights reserved.
Copyright (c) 1995-2001 Lucent Technologies Inc.  All rights reserved.
Copyright (c) 2001 Agere Systems   All rights reserved.
Copyright (c) 2002-2026 Lattice Semiconductor Corporation,  All rights reserved.

Command line:    timing -sethld -v 10 -u 10 -endpoints 10 -nperend 1 -sp High-Performance_1.2V -hsp m -pwrprd -html -rpt e155_lab1_nk_impl_1.twr e155_lab1_nk_impl_1.udb -gui -msgset C:/Users/nko/Documents/GitHub/E155-Labs/E155-Lab1/fpga/e155_lab1_nk/promote.xml

-----------------------------------------
Design:          lab1_nk
Family:          iCE40UP
Device:          iCE40UP5K
Package:         SG48
Performance:     High-Performance_1.2V
Package Status:                     Preliminary    Version 1.5
**Performance Hardware Data Status :   Advanced Version 1.0
-----------------------------------------


=====================================================================
                    Table of Contents
=====================================================================
    1  Timing Overview
        1.1  SDC Constraints
        1.2  Constraint Coverage
        1.3  Overall Summary
        1.4  Unconstrained Report
        1.5  Combinational Loop
    2  Setup at Speed Grade High-Performance_1.2V Corner at 100 Degrees
        2.1  Clock Summary
        2.2  Endpoint slacks
        2.3  Detailed Report
    3  Hold at Speed Grade m Corner at -40 Degrees
        3.1  Endpoint slacks
        3.2  Detailed Report

=====================================================================
                    End of Table of Contents
=====================================================================

==============================================
1  Timing Overview
==============================================

1.1  SDC Constraints
=====================
create_clock -name {clk_c} -period 41.6667 [get_pins {hf_osc/CLKHF }] 

1.2  Constraint Coverage
---------------------------
Constraint Coverage: 71.2042%


1.3  Overall Summary
---------------------------
 Setup at Speed Grade High-Performance_1.2V Corner at 100 Degrees     Timing Errors: 0 endpoints;  Total Negative Slack: 0.000 ns 
 Hold at Speed Grade m Corner at -40 Degrees                          Timing Errors: 0 endpoints;  Total Negative Slack: 0.000 ns 

1.4  Unconstrained Report
===========================

1.4.1  Unconstrained Start/End Points
--------------------------------------

Clocked but unconstrained timing start points
--------------------------------------------------
There is no start point satisfying reporting criteria


Clocked but unconstrained timing end points
-------------------------------------------------------------------
          Listing 1 End Points          |           Type           
-------------------------------------------------------------------
freqconverter/led2/SR                   |           No arrival time
-------------------------------------------------------------------
                                        |                          
Number of unconstrained timing end poin |                          
ts                                      |                         1
                                        |                          
-------------------------------------------------------------------

1.4.2  Start/End Points Without Timing Constraints
---------------------------------------------------

I/O ports without constraint
----------------------------
Possible constraints to use on I/O ports are:
set_input_delay,
set_output_delay,
set_max_delay,
create_clock,
create_generated_clock,
...

-------------------------------------------------------------------
     Listing 10 Start or End Points     |           Type           
-------------------------------------------------------------------
reset                                   |                     input
s[3]                                    |                     input
s[2]                                    |                     input
s[1]                                    |                     input
s[0]                                    |                     input
led[2]                                  |                    output
led[1]                                  |                    output
led[0]                                  |                    output
seg[6]                                  |                    output
seg[5]                                  |                    output
-------------------------------------------------------------------
                                        |                          
Number of I/O ports without constraint  |                        16
                                        |                          
-------------------------------------------------------------------

Nets without clock definition
Define a clock on a top level port or a generated clock on a clock divider pin associated with this net(s).
--------------------------------------------------
There is no instance satisfying reporting criteria



1.5  Combinational Loop
========================
None

===============================================================
2  Setup at Speed Grade High-Performance_1.2V Corner at 100 Degrees
===============================================================

2.1  Clock Summary
=======================

2.1.1 Clock "clk_c"
=======================
create_clock -name {clk_c} -period 41.6667 [get_pins {hf_osc/CLKHF }] 

Single Clock Domain
-------------------------------------------------------------------------------------------------------
              Clock clk_c               |                    |       Period       |     Frequency      
-------------------------------------------------------------------------------------------------------
 From clk_c                             |             Target |          41.667 ns |         24.000 MHz 
                                        | Actual (all paths) |          20.792 ns |         48.095 MHz 
hf_osc/CLKHF (MPW)                      |   (50% duty cycle) |          20.792 ns |         48.095 MHz 
-------------------------------------------------------------------------------------------------------

Clock Domain Crossing

2.2  Endpoint slacks
=======================
-------------------------------------------------------
          Listing 10 End Points          |    Slack    
-------------------------------------------------------
freqconverter/counter_45__i0/SR          |   26.915 ns 
{freqconverter/counter_45__i1/SR   freqconverter/counter_45__i2/SR}              
                                         |   26.915 ns 
{freqconverter/counter_45__i3/SR   freqconverter/counter_45__i4/SR}              
                                         |   26.915 ns 
{freqconverter/counter_45__i5/SR   freqconverter/counter_45__i6/SR}              
                                         |   26.915 ns 
{freqconverter/counter_45__i15/SR   freqconverter/counter_45__i16/SR}              
                                         |   27.510 ns 
{freqconverter/counter_45__i17/SR   freqconverter/counter_45__i18/SR}              
                                         |   27.510 ns 
{freqconverter/counter_45__i19/SR   freqconverter/counter_45__i20/SR}              
                                         |   27.510 ns 
{freqconverter/counter_45__i21/SR   freqconverter/counter_45__i22/SR}              
                                         |   27.510 ns 
{freqconverter/counter_45__i11/SR   freqconverter/counter_45__i12/SR}              
                                         |   27.854 ns 
{freqconverter/counter_45__i13/SR   freqconverter/counter_45__i14/SR}              
                                         |   27.854 ns 
-------------------------------------------------------
                                         |             
Setup # of endpoints with negative slack:|           0 
                                         |             
-------------------------------------------------------

2.3  Detailed Report
=======================


XXXXXXXXXXXXXXXXXXXXXXXXXXXXXXXXXXXXXXXXXXXXXXXXXXXXXXXXXX

Detail report of critical paths

XXXXXXXXXXXXXXXXXXXXXXXXXXXXXXXXXXXXXXXXXXXXXXXXXXXXXXXXXX

+++++++++++++++++++++++++++++++++++++++++++++++++++++++++++++++++++++ 
                    Detailed Report for timing paths 
+++++++++++++++++++++++++++++++++++++++++++++++++++++++++++++++++++++ 

++++ Path 1 ++++++++++++++++++++++++++++++++++++++++++++++++++++++++++ 

Path Begin       : freqconverter/counter_45__i0/Q  (SLICE_R11C29A)
Path End         : freqconverter/counter_45__i0/SR  (SLICE_R11C29A)
Source Clock     : clk_c (R)
Destination Clock: clk_c (R)
Logic Level      : 9
Delay Ratio      : 63.7% (route), 36.3% (logic)
Clock Skew       : 0.000 ns 
Setup Constraint : 41.666 ns 
Path Slack       : 26.914 ns  (Passed)


Source Clock Path
Name                                      Cell/Site Name     Delay Name       Incr      Arrival/Required Time  Fanout  
----------------------------------------  -----------------  ---------------  --------  ---------------------  ------  
hf_osc/CLKHF                              HFOSC_HFOSC_R1C32  CLOCK LATENCY       0.000                  0.000  15      
freqconverter/clk_c                                          NET DELAY           5.499                  5.499  15      
freqconverter/counter_45__i0/CK                              CLOCK PIN           0.000                  5.499  1       


Data Path
Name                                      Cell/Site Name     Delay Name       Incr      Arrival/Required Time  Fanout  
----------------------------------------  -----------------  ---------------  --------  ---------------------  ------  
freqconverter/counter_45__i0/CK->freqconverter/counter_45__i0/Q
                                          SLICE_R11C29A      CLK_TO_Q1_DELAY     1.388                  6.887  2       
freqconverter/counter[0]                                     NET DELAY           2.141                  9.028  2       
freqconverter/i4_4_lut/C->freqconverter/i4_4_lut/Z
                                          SLICE_R12C30A      A0_TO_F0_DELAY      0.476                  9.504  1       
freqconverter/n10                                            NET DELAY           0.304                  9.808  1       
freqconverter/i41_4_lut/C->freqconverter/i41_4_lut/Z
                                          SLICE_R12C30A      C1_TO_F1_DELAY      0.476                 10.284  1       
freqconverter/n14                                            NET DELAY           0.304                 10.588  1       
freqconverter/i2_4_lut/C->freqconverter/i2_4_lut/Z
                                          SLICE_R12C30B      C0_TO_F0_DELAY      0.476                 11.064  1       
freqconverter/n270                                           NET DELAY           0.304                 11.368  1       
freqconverter/i1_4_lut/B->freqconverter/i1_4_lut/Z
                                          SLICE_R12C30B      C1_TO_F1_DELAY      0.476                 11.844  1       
freqconverter/n4                                             NET DELAY           0.304                 12.148  1       
freqconverter/i1_4_lut_adj_1/D->freqconverter/i1_4_lut_adj_1/Z
                                          SLICE_R12C30C      C0_TO_F0_DELAY      0.476                 12.624  1       
freqconverter/n5                                             NET DELAY           0.304                 12.928  1       
freqconverter/i2_4_lut_adj_2/C->freqconverter/i2_4_lut_adj_2/Z
                                          SLICE_R12C30C      C1_TO_F1_DELAY      0.476                 13.404  1       
freqconverter/n271                                           NET DELAY           0.304                 13.708  1       
freqconverter/i25_4_lut/D->freqconverter/i25_4_lut/Z
                                          SLICE_R12C30D      C0_TO_F0_DELAY      0.476                 14.184  2       
freqconverter/n29                                            NET DELAY           0.304                 14.488  2       
freqconverter.i44_2_lut/B->freqconverter.i44_2_lut/Z
                                          SLICE_R12C30D      C1_TO_F1_DELAY      0.449                 14.937  12      
freqconverter/n49                                            NET DELAY           4.785                 19.722  12      
freqconverter/counter_45__i0/SR                              ENDPOINT            0.000                 19.722  1       


Destination Clock Path
Name                                      Cell/Site Name     Delay Name       Incr      Arrival/Required Time  Fanout  
----------------------------------------  -----------------  ---------------  --------  ---------------------  ------  
                                                             CONSTRAINT          0.000                 41.666  1       
hf_osc/CLKHF                              HFOSC_HFOSC_R1C32  CLOCK LATENCY       0.000                 41.666  15      
freqconverter/clk_c                                          NET DELAY           5.499                 47.165  15      
freqconverter/counter_45__i0/CK                              CLOCK PIN           0.000                 47.165  1       
                                                             Uncertainty      -(0.000)                 47.165  
                                                             Setup time       -(0.529)                 46.636  
----------------------------------------  -----------------  ---------------  --------  ---------------------  ------  
Required Time                                                                                          46.636  
Arrival Time                                                                                        -(19.721)  
----------------------------------------  -----------------  ---------------  --------  ---------------------  ------  
Path Slack  (Passed)                                                                                   26.914  




++++ Path 2 ++++++++++++++++++++++++++++++++++++++++++++++++++++++++++ 

Path Begin       : freqconverter/counter_45__i0/Q  (SLICE_R11C29A)
Path End         : {freqconverter/counter_45__i1/SR   freqconverter/counter_45__i2/SR}  (SLICE_R11C29B)
Source Clock     : clk_c (R)
Destination Clock: clk_c (R)
Logic Level      : 9
Delay Ratio      : 63.7% (route), 36.3% (logic)
Clock Skew       : 0.000 ns 
Setup Constraint : 41.666 ns 
Path Slack       : 26.914 ns  (Passed)


Source Clock Path
Name                                      Cell/Site Name     Delay Name       Incr      Arrival/Required Time  Fanout  
----------------------------------------  -----------------  ---------------  --------  ---------------------  ------  
hf_osc/CLKHF                              HFOSC_HFOSC_R1C32  CLOCK LATENCY       0.000                  0.000  15      
freqconverter/clk_c                                          NET DELAY           5.499                  5.499  15      
freqconverter/counter_45__i0/CK                              CLOCK PIN           0.000                  5.499  1       


Data Path
Name                                      Cell/Site Name     Delay Name       Incr      Arrival/Required Time  Fanout  
----------------------------------------  -----------------  ---------------  --------  ---------------------  ------  
freqconverter/counter_45__i0/CK->freqconverter/counter_45__i0/Q
                                          SLICE_R11C29A      CLK_TO_Q1_DELAY     1.388                  6.887  2       
freqconverter/counter[0]                                     NET DELAY           2.141                  9.028  2       
freqconverter/i4_4_lut/C->freqconverter/i4_4_lut/Z
                                          SLICE_R12C30A      A0_TO_F0_DELAY      0.476                  9.504  1       
freqconverter/n10                                            NET DELAY           0.304                  9.808  1       
freqconverter/i41_4_lut/C->freqconverter/i41_4_lut/Z
                                          SLICE_R12C30A      C1_TO_F1_DELAY      0.476                 10.284  1       
freqconverter/n14                                            NET DELAY           0.304                 10.588  1       
freqconverter/i2_4_lut/C->freqconverter/i2_4_lut/Z
                                          SLICE_R12C30B      C0_TO_F0_DELAY      0.476                 11.064  1       
freqconverter/n270                                           NET DELAY           0.304                 11.368  1       
freqconverter/i1_4_lut/B->freqconverter/i1_4_lut/Z
                                          SLICE_R12C30B      C1_TO_F1_DELAY      0.476                 11.844  1       
freqconverter/n4                                             NET DELAY           0.304                 12.148  1       
freqconverter/i1_4_lut_adj_1/D->freqconverter/i1_4_lut_adj_1/Z
                                          SLICE_R12C30C      C0_TO_F0_DELAY      0.476                 12.624  1       
freqconverter/n5                                             NET DELAY           0.304                 12.928  1       
freqconverter/i2_4_lut_adj_2/C->freqconverter/i2_4_lut_adj_2/Z
                                          SLICE_R12C30C      C1_TO_F1_DELAY      0.476                 13.404  1       
freqconverter/n271                                           NET DELAY           0.304                 13.708  1       
freqconverter/i25_4_lut/D->freqconverter/i25_4_lut/Z
                                          SLICE_R12C30D      C0_TO_F0_DELAY      0.476                 14.184  2       
freqconverter/n29                                            NET DELAY           0.304                 14.488  2       
freqconverter.i44_2_lut/B->freqconverter.i44_2_lut/Z
                                          SLICE_R12C30D      C1_TO_F1_DELAY      0.449                 14.937  12      
freqconverter/n49                                            NET DELAY           4.785                 19.722  12      
{freqconverter/counter_45__i1/SR   freqconverter/counter_45__i2/SR}
                                                             ENDPOINT            0.000                 19.722  1       


Destination Clock Path
Name                                      Cell/Site Name     Delay Name       Incr      Arrival/Required Time  Fanout  
----------------------------------------  -----------------  ---------------  --------  ---------------------  ------  
                                                             CONSTRAINT          0.000                 41.666  1       
hf_osc/CLKHF                              HFOSC_HFOSC_R1C32  CLOCK LATENCY       0.000                 41.666  15      
freqconverter/clk_c                                          NET DELAY           5.499                 47.165  15      
{freqconverter/counter_45__i1/CK   freqconverter/counter_45__i2/CK}
                                                             CLOCK PIN           0.000                 47.165  1       
                                                             Uncertainty      -(0.000)                 47.165  
                                                             Setup time       -(0.529)                 46.636  
----------------------------------------  -----------------  ---------------  --------  ---------------------  ------  
Required Time                                                                                          46.636  
Arrival Time                                                                                        -(19.721)  
----------------------------------------  -----------------  ---------------  --------  ---------------------  ------  
Path Slack  (Passed)                                                                                   26.914  




++++ Path 3 ++++++++++++++++++++++++++++++++++++++++++++++++++++++++++ 

Path Begin       : freqconverter/counter_45__i0/Q  (SLICE_R11C29A)
Path End         : {freqconverter/counter_45__i3/SR   freqconverter/counter_45__i4/SR}  (SLICE_R11C29C)
Source Clock     : clk_c (R)
Destination Clock: clk_c (R)
Logic Level      : 9
Delay Ratio      : 63.7% (route), 36.3% (logic)
Clock Skew       : 0.000 ns 
Setup Constraint : 41.666 ns 
Path Slack       : 26.914 ns  (Passed)


Source Clock Path
Name                                      Cell/Site Name     Delay Name       Incr      Arrival/Required Time  Fanout  
----------------------------------------  -----------------  ---------------  --------  ---------------------  ------  
hf_osc/CLKHF                              HFOSC_HFOSC_R1C32  CLOCK LATENCY       0.000                  0.000  15      
freqconverter/clk_c                                          NET DELAY           5.499                  5.499  15      
freqconverter/counter_45__i0/CK                              CLOCK PIN           0.000                  5.499  1       


Data Path
Name                                      Cell/Site Name     Delay Name       Incr      Arrival/Required Time  Fanout  
----------------------------------------  -----------------  ---------------  --------  ---------------------  ------  
freqconverter/counter_45__i0/CK->freqconverter/counter_45__i0/Q
                                          SLICE_R11C29A      CLK_TO_Q1_DELAY     1.388                  6.887  2       
freqconverter/counter[0]                                     NET DELAY           2.141                  9.028  2       
freqconverter/i4_4_lut/C->freqconverter/i4_4_lut/Z
                                          SLICE_R12C30A      A0_TO_F0_DELAY      0.476                  9.504  1       
freqconverter/n10                                            NET DELAY           0.304                  9.808  1       
freqconverter/i41_4_lut/C->freqconverter/i41_4_lut/Z
                                          SLICE_R12C30A      C1_TO_F1_DELAY      0.476                 10.284  1       
freqconverter/n14                                            NET DELAY           0.304                 10.588  1       
freqconverter/i2_4_lut/C->freqconverter/i2_4_lut/Z
                                          SLICE_R12C30B      C0_TO_F0_DELAY      0.476                 11.064  1       
freqconverter/n270                                           NET DELAY           0.304                 11.368  1       
freqconverter/i1_4_lut/B->freqconverter/i1_4_lut/Z
                                          SLICE_R12C30B      C1_TO_F1_DELAY      0.476                 11.844  1       
freqconverter/n4                                             NET DELAY           0.304                 12.148  1       
freqconverter/i1_4_lut_adj_1/D->freqconverter/i1_4_lut_adj_1/Z
                                          SLICE_R12C30C      C0_TO_F0_DELAY      0.476                 12.624  1       
freqconverter/n5                                             NET DELAY           0.304                 12.928  1       
freqconverter/i2_4_lut_adj_2/C->freqconverter/i2_4_lut_adj_2/Z
                                          SLICE_R12C30C      C1_TO_F1_DELAY      0.476                 13.404  1       
freqconverter/n271                                           NET DELAY           0.304                 13.708  1       
freqconverter/i25_4_lut/D->freqconverter/i25_4_lut/Z
                                          SLICE_R12C30D      C0_TO_F0_DELAY      0.476                 14.184  2       
freqconverter/n29                                            NET DELAY           0.304                 14.488  2       
freqconverter.i44_2_lut/B->freqconverter.i44_2_lut/Z
                                          SLICE_R12C30D      C1_TO_F1_DELAY      0.449                 14.937  12      
freqconverter/n49                                            NET DELAY           4.785                 19.722  12      
{freqconverter/counter_45__i3/SR   freqconverter/counter_45__i4/SR}
                                                             ENDPOINT            0.000                 19.722  1       


Destination Clock Path
Name                                      Cell/Site Name     Delay Name       Incr      Arrival/Required Time  Fanout  
----------------------------------------  -----------------  ---------------  --------  ---------------------  ------  
                                                             CONSTRAINT          0.000                 41.666  1       
hf_osc/CLKHF                              HFOSC_HFOSC_R1C32  CLOCK LATENCY       0.000                 41.666  15      
freqconverter/clk_c                                          NET DELAY           5.499                 47.165  15      
{freqconverter/counter_45__i3/CK   freqconverter/counter_45__i4/CK}
                                                             CLOCK PIN           0.000                 47.165  1       
                                                             Uncertainty      -(0.000)                 47.165  
                                                             Setup time       -(0.529)                 46.636  
----------------------------------------  -----------------  ---------------  --------  ---------------------  ------  
Required Time                                                                                          46.636  
Arrival Time                                                                                        -(19.721)  
----------------------------------------  -----------------  ---------------  --------  ---------------------  ------  
Path Slack  (Passed)                                                                                   26.914  




++++ Path 4 ++++++++++++++++++++++++++++++++++++++++++++++++++++++++++ 

Path Begin       : freqconverter/counter_45__i0/Q  (SLICE_R11C29A)
Path End         : {freqconverter/counter_45__i5/SR   freqconverter/counter_45__i6/SR}  (SLICE_R11C29D)
Source Clock     : clk_c (R)
Destination Clock: clk_c (R)
Logic Level      : 9
Delay Ratio      : 63.7% (route), 36.3% (logic)
Clock Skew       : 0.000 ns 
Setup Constraint : 41.666 ns 
Path Slack       : 26.914 ns  (Passed)


Source Clock Path
Name                                      Cell/Site Name     Delay Name       Incr      Arrival/Required Time  Fanout  
----------------------------------------  -----------------  ---------------  --------  ---------------------  ------  
hf_osc/CLKHF                              HFOSC_HFOSC_R1C32  CLOCK LATENCY       0.000                  0.000  15      
freqconverter/clk_c                                          NET DELAY           5.499                  5.499  15      
freqconverter/counter_45__i0/CK                              CLOCK PIN           0.000                  5.499  1       


Data Path
Name                                      Cell/Site Name     Delay Name       Incr      Arrival/Required Time  Fanout  
----------------------------------------  -----------------  ---------------  --------  ---------------------  ------  
freqconverter/counter_45__i0/CK->freqconverter/counter_45__i0/Q
                                          SLICE_R11C29A      CLK_TO_Q1_DELAY     1.388                  6.887  2       
freqconverter/counter[0]                                     NET DELAY           2.141                  9.028  2       
freqconverter/i4_4_lut/C->freqconverter/i4_4_lut/Z
                                          SLICE_R12C30A      A0_TO_F0_DELAY      0.476                  9.504  1       
freqconverter/n10                                            NET DELAY           0.304                  9.808  1       
freqconverter/i41_4_lut/C->freqconverter/i41_4_lut/Z
                                          SLICE_R12C30A      C1_TO_F1_DELAY      0.476                 10.284  1       
freqconverter/n14                                            NET DELAY           0.304                 10.588  1       
freqconverter/i2_4_lut/C->freqconverter/i2_4_lut/Z
                                          SLICE_R12C30B      C0_TO_F0_DELAY      0.476                 11.064  1       
freqconverter/n270                                           NET DELAY           0.304                 11.368  1       
freqconverter/i1_4_lut/B->freqconverter/i1_4_lut/Z
                                          SLICE_R12C30B      C1_TO_F1_DELAY      0.476                 11.844  1       
freqconverter/n4                                             NET DELAY           0.304                 12.148  1       
freqconverter/i1_4_lut_adj_1/D->freqconverter/i1_4_lut_adj_1/Z
                                          SLICE_R12C30C      C0_TO_F0_DELAY      0.476                 12.624  1       
freqconverter/n5                                             NET DELAY           0.304                 12.928  1       
freqconverter/i2_4_lut_adj_2/C->freqconverter/i2_4_lut_adj_2/Z
                                          SLICE_R12C30C      C1_TO_F1_DELAY      0.476                 13.404  1       
freqconverter/n271                                           NET DELAY           0.304                 13.708  1       
freqconverter/i25_4_lut/D->freqconverter/i25_4_lut/Z
                                          SLICE_R12C30D      C0_TO_F0_DELAY      0.476                 14.184  2       
freqconverter/n29                                            NET DELAY           0.304                 14.488  2       
freqconverter.i44_2_lut/B->freqconverter.i44_2_lut/Z
                                          SLICE_R12C30D      C1_TO_F1_DELAY      0.449                 14.937  12      
freqconverter/n49                                            NET DELAY           4.785                 19.722  12      
{freqconverter/counter_45__i5/SR   freqconverter/counter_45__i6/SR}
                                                             ENDPOINT            0.000                 19.722  1       


Destination Clock Path
Name                                      Cell/Site Name     Delay Name       Incr      Arrival/Required Time  Fanout  
----------------------------------------  -----------------  ---------------  --------  ---------------------  ------  
                                                             CONSTRAINT          0.000                 41.666  1       
hf_osc/CLKHF                              HFOSC_HFOSC_R1C32  CLOCK LATENCY       0.000                 41.666  15      
freqconverter/clk_c                                          NET DELAY           5.499                 47.165  15      
{freqconverter/counter_45__i5/CK   freqconverter/counter_45__i6/CK}
                                                             CLOCK PIN           0.000                 47.165  1       
                                                             Uncertainty      -(0.000)                 47.165  
                                                             Setup time       -(0.529)                 46.636  
----------------------------------------  -----------------  ---------------  --------  ---------------------  ------  
Required Time                                                                                          46.636  
Arrival Time                                                                                        -(19.721)  
----------------------------------------  -----------------  ---------------  --------  ---------------------  ------  
Path Slack  (Passed)                                                                                   26.914  




++++ Path 5 ++++++++++++++++++++++++++++++++++++++++++++++++++++++++++ 

Path Begin       : freqconverter/counter_45__i0/Q  (SLICE_R11C29A)
Path End         : {freqconverter/counter_45__i15/SR   freqconverter/counter_45__i16/SR}  (SLICE_R11C31A)
Source Clock     : clk_c (R)
Destination Clock: clk_c (R)
Logic Level      : 9
Delay Ratio      : 62.1% (route), 37.9% (logic)
Clock Skew       : 0.000 ns 
Setup Constraint : 41.666 ns 
Path Slack       : 27.509 ns  (Passed)


Source Clock Path
Name                                      Cell/Site Name     Delay Name       Incr      Arrival/Required Time  Fanout  
----------------------------------------  -----------------  ---------------  --------  ---------------------  ------  
hf_osc/CLKHF                              HFOSC_HFOSC_R1C32  CLOCK LATENCY       0.000                  0.000  15      
freqconverter/clk_c                                          NET DELAY           5.499                  5.499  15      
freqconverter/counter_45__i0/CK                              CLOCK PIN           0.000                  5.499  1       


Data Path
Name                                      Cell/Site Name     Delay Name       Incr      Arrival/Required Time  Fanout  
----------------------------------------  -----------------  ---------------  --------  ---------------------  ------  
freqconverter/counter_45__i0/CK->freqconverter/counter_45__i0/Q
                                          SLICE_R11C29A      CLK_TO_Q1_DELAY     1.388                  6.887  2       
freqconverter/counter[0]                                     NET DELAY           2.141                  9.028  2       
freqconverter/i4_4_lut/C->freqconverter/i4_4_lut/Z
                                          SLICE_R12C30A      A0_TO_F0_DELAY      0.476                  9.504  1       
freqconverter/n10                                            NET DELAY           0.304                  9.808  1       
freqconverter/i41_4_lut/C->freqconverter/i41_4_lut/Z
                                          SLICE_R12C30A      C1_TO_F1_DELAY      0.476                 10.284  1       
freqconverter/n14                                            NET DELAY           0.304                 10.588  1       
freqconverter/i2_4_lut/C->freqconverter/i2_4_lut/Z
                                          SLICE_R12C30B      C0_TO_F0_DELAY      0.476                 11.064  1       
freqconverter/n270                                           NET DELAY           0.304                 11.368  1       
freqconverter/i1_4_lut/B->freqconverter/i1_4_lut/Z
                                          SLICE_R12C30B      C1_TO_F1_DELAY      0.476                 11.844  1       
freqconverter/n4                                             NET DELAY           0.304                 12.148  1       
freqconverter/i1_4_lut_adj_1/D->freqconverter/i1_4_lut_adj_1/Z
                                          SLICE_R12C30C      C0_TO_F0_DELAY      0.476                 12.624  1       
freqconverter/n5                                             NET DELAY           0.304                 12.928  1       
freqconverter/i2_4_lut_adj_2/C->freqconverter/i2_4_lut_adj_2/Z
                                          SLICE_R12C30C      C1_TO_F1_DELAY      0.476                 13.404  1       
freqconverter/n271                                           NET DELAY           0.304                 13.708  1       
freqconverter/i25_4_lut/D->freqconverter/i25_4_lut/Z
                                          SLICE_R12C30D      C0_TO_F0_DELAY      0.476                 14.184  2       
freqconverter/n29                                            NET DELAY           0.304                 14.488  2       
freqconverter.i44_2_lut/B->freqconverter.i44_2_lut/Z
                                          SLICE_R12C30D      C1_TO_F1_DELAY      0.449                 14.937  12      
freqconverter/n49                                            NET DELAY           4.190                 19.127  12      
{freqconverter/counter_45__i15/SR   freqconverter/counter_45__i16/SR}
                                                             ENDPOINT            0.000                 19.127  1       


Destination Clock Path
Name                                      Cell/Site Name     Delay Name       Incr      Arrival/Required Time  Fanout  
----------------------------------------  -----------------  ---------------  --------  ---------------------  ------  
                                                             CONSTRAINT          0.000                 41.666  1       
hf_osc/CLKHF                              HFOSC_HFOSC_R1C32  CLOCK LATENCY       0.000                 41.666  15      
freqconverter/clk_c                                          NET DELAY           5.499                 47.165  15      
{freqconverter/counter_45__i15/CK   freqconverter/counter_45__i16/CK}
                                                             CLOCK PIN           0.000                 47.165  1       
                                                             Uncertainty      -(0.000)                 47.165  
                                                             Setup time       -(0.529)                 46.636  
----------------------------------------  -----------------  ---------------  --------  ---------------------  ------  
Required Time                                                                                          46.636  
Arrival Time                                                                                        -(19.126)  
----------------------------------------  -----------------  ---------------  --------  ---------------------  ------  
Path Slack  (Passed)                                                                                   27.509  




++++ Path 6 ++++++++++++++++++++++++++++++++++++++++++++++++++++++++++ 

Path Begin       : freqconverter/counter_45__i0/Q  (SLICE_R11C29A)
Path End         : {freqconverter/counter_45__i17/SR   freqconverter/counter_45__i18/SR}  (SLICE_R11C31B)
Source Clock     : clk_c (R)
Destination Clock: clk_c (R)
Logic Level      : 9
Delay Ratio      : 62.1% (route), 37.9% (logic)
Clock Skew       : 0.000 ns 
Setup Constraint : 41.666 ns 
Path Slack       : 27.509 ns  (Passed)


Source Clock Path
Name                                      Cell/Site Name     Delay Name       Incr      Arrival/Required Time  Fanout  
----------------------------------------  -----------------  ---------------  --------  ---------------------  ------  
hf_osc/CLKHF                              HFOSC_HFOSC_R1C32  CLOCK LATENCY       0.000                  0.000  15      
freqconverter/clk_c                                          NET DELAY           5.499                  5.499  15      
freqconverter/counter_45__i0/CK                              CLOCK PIN           0.000                  5.499  1       


Data Path
Name                                      Cell/Site Name     Delay Name       Incr      Arrival/Required Time  Fanout  
----------------------------------------  -----------------  ---------------  --------  ---------------------  ------  
freqconverter/counter_45__i0/CK->freqconverter/counter_45__i0/Q
                                          SLICE_R11C29A      CLK_TO_Q1_DELAY     1.388                  6.887  2       
freqconverter/counter[0]                                     NET DELAY           2.141                  9.028  2       
freqconverter/i4_4_lut/C->freqconverter/i4_4_lut/Z
                                          SLICE_R12C30A      A0_TO_F0_DELAY      0.476                  9.504  1       
freqconverter/n10                                            NET DELAY           0.304                  9.808  1       
freqconverter/i41_4_lut/C->freqconverter/i41_4_lut/Z
                                          SLICE_R12C30A      C1_TO_F1_DELAY      0.476                 10.284  1       
freqconverter/n14                                            NET DELAY           0.304                 10.588  1       
freqconverter/i2_4_lut/C->freqconverter/i2_4_lut/Z
                                          SLICE_R12C30B      C0_TO_F0_DELAY      0.476                 11.064  1       
freqconverter/n270                                           NET DELAY           0.304                 11.368  1       
freqconverter/i1_4_lut/B->freqconverter/i1_4_lut/Z
                                          SLICE_R12C30B      C1_TO_F1_DELAY      0.476                 11.844  1       
freqconverter/n4                                             NET DELAY           0.304                 12.148  1       
freqconverter/i1_4_lut_adj_1/D->freqconverter/i1_4_lut_adj_1/Z
                                          SLICE_R12C30C      C0_TO_F0_DELAY      0.476                 12.624  1       
freqconverter/n5                                             NET DELAY           0.304                 12.928  1       
freqconverter/i2_4_lut_adj_2/C->freqconverter/i2_4_lut_adj_2/Z
                                          SLICE_R12C30C      C1_TO_F1_DELAY      0.476                 13.404  1       
freqconverter/n271                                           NET DELAY           0.304                 13.708  1       
freqconverter/i25_4_lut/D->freqconverter/i25_4_lut/Z
                                          SLICE_R12C30D      C0_TO_F0_DELAY      0.476                 14.184  2       
freqconverter/n29                                            NET DELAY           0.304                 14.488  2       
freqconverter.i44_2_lut/B->freqconverter.i44_2_lut/Z
                                          SLICE_R12C30D      C1_TO_F1_DELAY      0.449                 14.937  12      
freqconverter/n49                                            NET DELAY           4.190                 19.127  12      
{freqconverter/counter_45__i17/SR   freqconverter/counter_45__i18/SR}
                                                             ENDPOINT            0.000                 19.127  1       


Destination Clock Path
Name                                      Cell/Site Name     Delay Name       Incr      Arrival/Required Time  Fanout  
----------------------------------------  -----------------  ---------------  --------  ---------------------  ------  
                                                             CONSTRAINT          0.000                 41.666  1       
hf_osc/CLKHF                              HFOSC_HFOSC_R1C32  CLOCK LATENCY       0.000                 41.666  15      
freqconverter/clk_c                                          NET DELAY           5.499                 47.165  15      
{freqconverter/counter_45__i17/CK   freqconverter/counter_45__i18/CK}
                                                             CLOCK PIN           0.000                 47.165  1       
                                                             Uncertainty      -(0.000)                 47.165  
                                                             Setup time       -(0.529)                 46.636  
----------------------------------------  -----------------  ---------------  --------  ---------------------  ------  
Required Time                                                                                          46.636  
Arrival Time                                                                                        -(19.126)  
----------------------------------------  -----------------  ---------------  --------  ---------------------  ------  
Path Slack  (Passed)                                                                                   27.509  




++++ Path 7 ++++++++++++++++++++++++++++++++++++++++++++++++++++++++++ 

Path Begin       : freqconverter/counter_45__i0/Q  (SLICE_R11C29A)
Path End         : {freqconverter/counter_45__i19/SR   freqconverter/counter_45__i20/SR}  (SLICE_R11C31C)
Source Clock     : clk_c (R)
Destination Clock: clk_c (R)
Logic Level      : 9
Delay Ratio      : 62.1% (route), 37.9% (logic)
Clock Skew       : 0.000 ns 
Setup Constraint : 41.666 ns 
Path Slack       : 27.509 ns  (Passed)


Source Clock Path
Name                                      Cell/Site Name     Delay Name       Incr      Arrival/Required Time  Fanout  
----------------------------------------  -----------------  ---------------  --------  ---------------------  ------  
hf_osc/CLKHF                              HFOSC_HFOSC_R1C32  CLOCK LATENCY       0.000                  0.000  15      
freqconverter/clk_c                                          NET DELAY           5.499                  5.499  15      
freqconverter/counter_45__i0/CK                              CLOCK PIN           0.000                  5.499  1       


Data Path
Name                                      Cell/Site Name     Delay Name       Incr      Arrival/Required Time  Fanout  
----------------------------------------  -----------------  ---------------  --------  ---------------------  ------  
freqconverter/counter_45__i0/CK->freqconverter/counter_45__i0/Q
                                          SLICE_R11C29A      CLK_TO_Q1_DELAY     1.388                  6.887  2       
freqconverter/counter[0]                                     NET DELAY           2.141                  9.028  2       
freqconverter/i4_4_lut/C->freqconverter/i4_4_lut/Z
                                          SLICE_R12C30A      A0_TO_F0_DELAY      0.476                  9.504  1       
freqconverter/n10                                            NET DELAY           0.304                  9.808  1       
freqconverter/i41_4_lut/C->freqconverter/i41_4_lut/Z
                                          SLICE_R12C30A      C1_TO_F1_DELAY      0.476                 10.284  1       
freqconverter/n14                                            NET DELAY           0.304                 10.588  1       
freqconverter/i2_4_lut/C->freqconverter/i2_4_lut/Z
                                          SLICE_R12C30B      C0_TO_F0_DELAY      0.476                 11.064  1       
freqconverter/n270                                           NET DELAY           0.304                 11.368  1       
freqconverter/i1_4_lut/B->freqconverter/i1_4_lut/Z
                                          SLICE_R12C30B      C1_TO_F1_DELAY      0.476                 11.844  1       
freqconverter/n4                                             NET DELAY           0.304                 12.148  1       
freqconverter/i1_4_lut_adj_1/D->freqconverter/i1_4_lut_adj_1/Z
                                          SLICE_R12C30C      C0_TO_F0_DELAY      0.476                 12.624  1       
freqconverter/n5                                             NET DELAY           0.304                 12.928  1       
freqconverter/i2_4_lut_adj_2/C->freqconverter/i2_4_lut_adj_2/Z
                                          SLICE_R12C30C      C1_TO_F1_DELAY      0.476                 13.404  1       
freqconverter/n271                                           NET DELAY           0.304                 13.708  1       
freqconverter/i25_4_lut/D->freqconverter/i25_4_lut/Z
                                          SLICE_R12C30D      C0_TO_F0_DELAY      0.476                 14.184  2       
freqconverter/n29                                            NET DELAY           0.304                 14.488  2       
freqconverter.i44_2_lut/B->freqconverter.i44_2_lut/Z
                                          SLICE_R12C30D      C1_TO_F1_DELAY      0.449                 14.937  12      
freqconverter/n49                                            NET DELAY           4.190                 19.127  12      
{freqconverter/counter_45__i19/SR   freqconverter/counter_45__i20/SR}
                                                             ENDPOINT            0.000                 19.127  1       


Destination Clock Path
Name                                      Cell/Site Name     Delay Name       Incr      Arrival/Required Time  Fanout  
----------------------------------------  -----------------  ---------------  --------  ---------------------  ------  
                                                             CONSTRAINT          0.000                 41.666  1       
hf_osc/CLKHF                              HFOSC_HFOSC_R1C32  CLOCK LATENCY       0.000                 41.666  15      
freqconverter/clk_c                                          NET DELAY           5.499                 47.165  15      
{freqconverter/counter_45__i19/CK   freqconverter/counter_45__i20/CK}
                                                             CLOCK PIN           0.000                 47.165  1       
                                                             Uncertainty      -(0.000)                 47.165  
                                                             Setup time       -(0.529)                 46.636  
----------------------------------------  -----------------  ---------------  --------  ---------------------  ------  
Required Time                                                                                          46.636  
Arrival Time                                                                                        -(19.126)  
----------------------------------------  -----------------  ---------------  --------  ---------------------  ------  
Path Slack  (Passed)                                                                                   27.509  




++++ Path 8 ++++++++++++++++++++++++++++++++++++++++++++++++++++++++++ 

Path Begin       : freqconverter/counter_45__i0/Q  (SLICE_R11C29A)
Path End         : {freqconverter/counter_45__i21/SR   freqconverter/counter_45__i22/SR}  (SLICE_R11C31D)
Source Clock     : clk_c (R)
Destination Clock: clk_c (R)
Logic Level      : 9
Delay Ratio      : 62.1% (route), 37.9% (logic)
Clock Skew       : 0.000 ns 
Setup Constraint : 41.666 ns 
Path Slack       : 27.509 ns  (Passed)


Source Clock Path
Name                                      Cell/Site Name     Delay Name       Incr      Arrival/Required Time  Fanout  
----------------------------------------  -----------------  ---------------  --------  ---------------------  ------  
hf_osc/CLKHF                              HFOSC_HFOSC_R1C32  CLOCK LATENCY       0.000                  0.000  15      
freqconverter/clk_c                                          NET DELAY           5.499                  5.499  15      
freqconverter/counter_45__i0/CK                              CLOCK PIN           0.000                  5.499  1       


Data Path
Name                                      Cell/Site Name     Delay Name       Incr      Arrival/Required Time  Fanout  
----------------------------------------  -----------------  ---------------  --------  ---------------------  ------  
freqconverter/counter_45__i0/CK->freqconverter/counter_45__i0/Q
                                          SLICE_R11C29A      CLK_TO_Q1_DELAY     1.388                  6.887  2       
freqconverter/counter[0]                                     NET DELAY           2.141                  9.028  2       
freqconverter/i4_4_lut/C->freqconverter/i4_4_lut/Z
                                          SLICE_R12C30A      A0_TO_F0_DELAY      0.476                  9.504  1       
freqconverter/n10                                            NET DELAY           0.304                  9.808  1       
freqconverter/i41_4_lut/C->freqconverter/i41_4_lut/Z
                                          SLICE_R12C30A      C1_TO_F1_DELAY      0.476                 10.284  1       
freqconverter/n14                                            NET DELAY           0.304                 10.588  1       
freqconverter/i2_4_lut/C->freqconverter/i2_4_lut/Z
                                          SLICE_R12C30B      C0_TO_F0_DELAY      0.476                 11.064  1       
freqconverter/n270                                           NET DELAY           0.304                 11.368  1       
freqconverter/i1_4_lut/B->freqconverter/i1_4_lut/Z
                                          SLICE_R12C30B      C1_TO_F1_DELAY      0.476                 11.844  1       
freqconverter/n4                                             NET DELAY           0.304                 12.148  1       
freqconverter/i1_4_lut_adj_1/D->freqconverter/i1_4_lut_adj_1/Z
                                          SLICE_R12C30C      C0_TO_F0_DELAY      0.476                 12.624  1       
freqconverter/n5                                             NET DELAY           0.304                 12.928  1       
freqconverter/i2_4_lut_adj_2/C->freqconverter/i2_4_lut_adj_2/Z
                                          SLICE_R12C30C      C1_TO_F1_DELAY      0.476                 13.404  1       
freqconverter/n271                                           NET DELAY           0.304                 13.708  1       
freqconverter/i25_4_lut/D->freqconverter/i25_4_lut/Z
                                          SLICE_R12C30D      C0_TO_F0_DELAY      0.476                 14.184  2       
freqconverter/n29                                            NET DELAY           0.304                 14.488  2       
freqconverter.i44_2_lut/B->freqconverter.i44_2_lut/Z
                                          SLICE_R12C30D      C1_TO_F1_DELAY      0.449                 14.937  12      
freqconverter/n49                                            NET DELAY           4.190                 19.127  12      
{freqconverter/counter_45__i21/SR   freqconverter/counter_45__i22/SR}
                                                             ENDPOINT            0.000                 19.127  1       


Destination Clock Path
Name                                      Cell/Site Name     Delay Name       Incr      Arrival/Required Time  Fanout  
----------------------------------------  -----------------  ---------------  --------  ---------------------  ------  
                                                             CONSTRAINT          0.000                 41.666  1       
hf_osc/CLKHF                              HFOSC_HFOSC_R1C32  CLOCK LATENCY       0.000                 41.666  15      
freqconverter/clk_c                                          NET DELAY           5.499                 47.165  15      
{freqconverter/counter_45__i21/CK   freqconverter/counter_45__i22/CK}
                                                             CLOCK PIN           0.000                 47.165  1       
                                                             Uncertainty      -(0.000)                 47.165  
                                                             Setup time       -(0.529)                 46.636  
----------------------------------------  -----------------  ---------------  --------  ---------------------  ------  
Required Time                                                                                          46.636  
Arrival Time                                                                                        -(19.126)  
----------------------------------------  -----------------  ---------------  --------  ---------------------  ------  
Path Slack  (Passed)                                                                                   27.509  




++++ Path 9 ++++++++++++++++++++++++++++++++++++++++++++++++++++++++++ 

Path Begin       : freqconverter/counter_45__i0/Q  (SLICE_R11C29A)
Path End         : {freqconverter/counter_45__i11/SR   freqconverter/counter_45__i12/SR}  (SLICE_R11C30C)
Source Clock     : clk_c (R)
Destination Clock: clk_c (R)
Logic Level      : 9
Delay Ratio      : 61.1% (route), 38.9% (logic)
Clock Skew       : 0.000 ns 
Setup Constraint : 41.666 ns 
Path Slack       : 27.853 ns  (Passed)


Source Clock Path
Name                                      Cell/Site Name     Delay Name       Incr      Arrival/Required Time  Fanout  
----------------------------------------  -----------------  ---------------  --------  ---------------------  ------  
hf_osc/CLKHF                              HFOSC_HFOSC_R1C32  CLOCK LATENCY       0.000                  0.000  15      
freqconverter/clk_c                                          NET DELAY           5.499                  5.499  15      
freqconverter/counter_45__i0/CK                              CLOCK PIN           0.000                  5.499  1       


Data Path
Name                                      Cell/Site Name     Delay Name       Incr      Arrival/Required Time  Fanout  
----------------------------------------  -----------------  ---------------  --------  ---------------------  ------  
freqconverter/counter_45__i0/CK->freqconverter/counter_45__i0/Q
                                          SLICE_R11C29A      CLK_TO_Q1_DELAY     1.388                  6.887  2       
freqconverter/counter[0]                                     NET DELAY           2.141                  9.028  2       
freqconverter/i4_4_lut/C->freqconverter/i4_4_lut/Z
                                          SLICE_R12C30A      A0_TO_F0_DELAY      0.476                  9.504  1       
freqconverter/n10                                            NET DELAY           0.304                  9.808  1       
freqconverter/i41_4_lut/C->freqconverter/i41_4_lut/Z
                                          SLICE_R12C30A      C1_TO_F1_DELAY      0.476                 10.284  1       
freqconverter/n14                                            NET DELAY           0.304                 10.588  1       
freqconverter/i2_4_lut/C->freqconverter/i2_4_lut/Z
                                          SLICE_R12C30B      C0_TO_F0_DELAY      0.476                 11.064  1       
freqconverter/n270                                           NET DELAY           0.304                 11.368  1       
freqconverter/i1_4_lut/B->freqconverter/i1_4_lut/Z
                                          SLICE_R12C30B      C1_TO_F1_DELAY      0.476                 11.844  1       
freqconverter/n4                                             NET DELAY           0.304                 12.148  1       
freqconverter/i1_4_lut_adj_1/D->freqconverter/i1_4_lut_adj_1/Z
                                          SLICE_R12C30C      C0_TO_F0_DELAY      0.476                 12.624  1       
freqconverter/n5                                             NET DELAY           0.304                 12.928  1       
freqconverter/i2_4_lut_adj_2/C->freqconverter/i2_4_lut_adj_2/Z
                                          SLICE_R12C30C      C1_TO_F1_DELAY      0.476                 13.404  1       
freqconverter/n271                                           NET DELAY           0.304                 13.708  1       
freqconverter/i25_4_lut/D->freqconverter/i25_4_lut/Z
                                          SLICE_R12C30D      C0_TO_F0_DELAY      0.476                 14.184  2       
freqconverter/n29                                            NET DELAY           0.304                 14.488  2       
freqconverter.i44_2_lut/B->freqconverter.i44_2_lut/Z
                                          SLICE_R12C30D      C1_TO_F1_DELAY      0.449                 14.937  12      
freqconverter/n49                                            NET DELAY           3.846                 18.783  12      
{freqconverter/counter_45__i11/SR   freqconverter/counter_45__i12/SR}
                                                             ENDPOINT            0.000                 18.783  1       


Destination Clock Path
Name                                      Cell/Site Name     Delay Name       Incr      Arrival/Required Time  Fanout  
----------------------------------------  -----------------  ---------------  --------  ---------------------  ------  
                                                             CONSTRAINT          0.000                 41.666  1       
hf_osc/CLKHF                              HFOSC_HFOSC_R1C32  CLOCK LATENCY       0.000                 41.666  15      
freqconverter/clk_c                                          NET DELAY           5.499                 47.165  15      
{freqconverter/counter_45__i11/CK   freqconverter/counter_45__i12/CK}
                                                             CLOCK PIN           0.000                 47.165  1       
                                                             Uncertainty      -(0.000)                 47.165  
                                                             Setup time       -(0.529)                 46.636  
----------------------------------------  -----------------  ---------------  --------  ---------------------  ------  
Required Time                                                                                          46.636  
Arrival Time                                                                                        -(18.782)  
----------------------------------------  -----------------  ---------------  --------  ---------------------  ------  
Path Slack  (Passed)                                                                                   27.853  




++++ Path 10 ++++++++++++++++++++++++++++++++++++++++++++++++++++++++++ 

Path Begin       : freqconverter/counter_45__i0/Q  (SLICE_R11C29A)
Path End         : {freqconverter/counter_45__i13/SR   freqconverter/counter_45__i14/SR}  (SLICE_R11C30D)
Source Clock     : clk_c (R)
Destination Clock: clk_c (R)
Logic Level      : 9
Delay Ratio      : 61.1% (route), 38.9% (logic)
Clock Skew       : 0.000 ns 
Setup Constraint : 41.666 ns 
Path Slack       : 27.853 ns  (Passed)


Source Clock Path
Name                                      Cell/Site Name     Delay Name       Incr      Arrival/Required Time  Fanout  
----------------------------------------  -----------------  ---------------  --------  ---------------------  ------  
hf_osc/CLKHF                              HFOSC_HFOSC_R1C32  CLOCK LATENCY       0.000                  0.000  15      
freqconverter/clk_c                                          NET DELAY           5.499                  5.499  15      
freqconverter/counter_45__i0/CK                              CLOCK PIN           0.000                  5.499  1       


Data Path
Name                                      Cell/Site Name     Delay Name       Incr      Arrival/Required Time  Fanout  
----------------------------------------  -----------------  ---------------  --------  ---------------------  ------  
freqconverter/counter_45__i0/CK->freqconverter/counter_45__i0/Q
                                          SLICE_R11C29A      CLK_TO_Q1_DELAY     1.388                  6.887  2       
freqconverter/counter[0]                                     NET DELAY           2.141                  9.028  2       
freqconverter/i4_4_lut/C->freqconverter/i4_4_lut/Z
                                          SLICE_R12C30A      A0_TO_F0_DELAY      0.476                  9.504  1       
freqconverter/n10                                            NET DELAY           0.304                  9.808  1       
freqconverter/i41_4_lut/C->freqconverter/i41_4_lut/Z
                                          SLICE_R12C30A      C1_TO_F1_DELAY      0.476                 10.284  1       
freqconverter/n14                                            NET DELAY           0.304                 10.588  1       
freqconverter/i2_4_lut/C->freqconverter/i2_4_lut/Z
                                          SLICE_R12C30B      C0_TO_F0_DELAY      0.476                 11.064  1       
freqconverter/n270                                           NET DELAY           0.304                 11.368  1       
freqconverter/i1_4_lut/B->freqconverter/i1_4_lut/Z
                                          SLICE_R12C30B      C1_TO_F1_DELAY      0.476                 11.844  1       
freqconverter/n4                                             NET DELAY           0.304                 12.148  1       
freqconverter/i1_4_lut_adj_1/D->freqconverter/i1_4_lut_adj_1/Z
                                          SLICE_R12C30C      C0_TO_F0_DELAY      0.476                 12.624  1       
freqconverter/n5                                             NET DELAY           0.304                 12.928  1       
freqconverter/i2_4_lut_adj_2/C->freqconverter/i2_4_lut_adj_2/Z
                                          SLICE_R12C30C      C1_TO_F1_DELAY      0.476                 13.404  1       
freqconverter/n271                                           NET DELAY           0.304                 13.708  1       
freqconverter/i25_4_lut/D->freqconverter/i25_4_lut/Z
                                          SLICE_R12C30D      C0_TO_F0_DELAY      0.476                 14.184  2       
freqconverter/n29                                            NET DELAY           0.304                 14.488  2       
freqconverter.i44_2_lut/B->freqconverter.i44_2_lut/Z
                                          SLICE_R12C30D      C1_TO_F1_DELAY      0.449                 14.937  12      
freqconverter/n49                                            NET DELAY           3.846                 18.783  12      
{freqconverter/counter_45__i13/SR   freqconverter/counter_45__i14/SR}
                                                             ENDPOINT            0.000                 18.783  1       


Destination Clock Path
Name                                      Cell/Site Name     Delay Name       Incr      Arrival/Required Time  Fanout  
----------------------------------------  -----------------  ---------------  --------  ---------------------  ------  
                                                             CONSTRAINT          0.000                 41.666  1       
hf_osc/CLKHF                              HFOSC_HFOSC_R1C32  CLOCK LATENCY       0.000                 41.666  15      
freqconverter/clk_c                                          NET DELAY           5.499                 47.165  15      
{freqconverter/counter_45__i13/CK   freqconverter/counter_45__i14/CK}
                                                             CLOCK PIN           0.000                 47.165  1       
                                                             Uncertainty      -(0.000)                 47.165  
                                                             Setup time       -(0.529)                 46.636  
----------------------------------------  -----------------  ---------------  --------  ---------------------  ------  
Required Time                                                                                          46.636  
Arrival Time                                                                                        -(18.782)  
----------------------------------------  -----------------  ---------------  --------  ---------------------  ------  
Path Slack  (Passed)                                                                                   27.853  



+++++++++++++++++++++++++++++++++++++++++++++++++++++++++++++++++++++ 
                    End of Detailed Report for timing paths 
+++++++++++++++++++++++++++++++++++++++++++++++++++++++++++++++++++++ 


##########################################################



===============================================================
3  Hold at Speed Grade m Corner at -40 Degrees
===============================================================

3.1  Endpoint slacks
=======================
-------------------------------------------------------
          Listing 10 End Points          |    Slack    
-------------------------------------------------------
freqconverter/counter_45__i15/D          |    1.913 ns 
freqconverter/counter_45__i16/D          |    1.913 ns 
freqconverter/counter_45__i17/D          |    1.913 ns 
freqconverter/counter_45__i18/D          |    1.913 ns 
freqconverter/counter_45__i19/D          |    1.913 ns 
freqconverter/counter_45__i20/D          |    1.913 ns 
freqconverter/counter_45__i21/D          |    1.913 ns 
freqconverter/counter_45__i22/D          |    1.913 ns 
freqconverter/counter_45__i13/D          |    1.913 ns 
freqconverter/counter_45__i14/D          |    1.913 ns 
-------------------------------------------------------
                                         |             
Hold # of endpoints with negative slack: |           0 
                                         |             
-------------------------------------------------------

3.2  Detailed Report
=======================


XXXXXXXXXXXXXXXXXXXXXXXXXXXXXXXXXXXXXXXXXXXXXXXXXXXXXXXXXX

Detail report of critical paths

XXXXXXXXXXXXXXXXXXXXXXXXXXXXXXXXXXXXXXXXXXXXXXXXXXXXXXXXXX

+++++++++++++++++++++++++++++++++++++++++++++++++++++++++++++++++++++ 
                    Detailed Report for timing paths 
+++++++++++++++++++++++++++++++++++++++++++++++++++++++++++++++++++++ 

++++ Path 1 ++++++++++++++++++++++++++++++++++++++++++++++++++++++++++ 

Path Begin       : freqconverter/counter_45__i15/Q  (SLICE_R11C31A)
Path End         : freqconverter/counter_45__i15/D  (SLICE_R11C31A)
Source Clock     : clk_c (R)
Destination Clock: clk_c (R)
Logic Level      : 2
Delay Ratio      : 46.1% (route), 53.9% (logic)
Clock Skew       : 0.000 ns 
Hold Constraint  : 0.000 ns 
Path Slack       : 1.913 ns  (Passed)


Source Clock Path
Name                                      Cell/Site Name     Delay Name       Incr   Arrival/Required Time  Fanout  
----------------------------------------  -----------------  ---------------  -----  ---------------------  ------  
hf_osc/CLKHF                              HFOSC_HFOSC_R1C32  CLOCK LATENCY    0.000                  0.000  16      
freqconverter/clk_c                                          NET DELAY        3.084                  3.084  16      
{freqconverter/counter_45__i15/CK   freqconverter/counter_45__i16/CK}
                                                             CLOCK PIN        0.000                  3.084  1       


Data Path
Name                                      Cell/Site Name     Delay Name       Incr   Arrival/Required Time  Fanout  
----------------------------------------  -----------------  ---------------  -----  ---------------------  ------  
freqconverter/counter_45__i15/CK->freqconverter/counter_45__i15/Q
                                          SLICE_R11C31A      CLK_TO_Q0_DELAY  0.779                  3.863  2       
freqconverter/counter[15]                                    NET DELAY        0.882                  4.745  2       
freqconverter/counter_45_add_4_17/C0->freqconverter/counter_45_add_4_17/S0
                                          SLICE_R11C31A      C0_TO_F0_DELAY   0.252                  4.997  1       
freqconverter/n97[15]                                        NET DELAY        0.000                  4.997  1       
freqconverter/counter_45__i15/D                              ENDPOINT         0.000                  4.997  1       


Destination Clock Path
Name                                      Cell/Site Name     Delay Name       Incr   Arrival/Required Time  Fanout  
----------------------------------------  -----------------  ---------------  -----  ---------------------  ------  
                                                             CONSTRAINT       0.000                  0.000  1       
hf_osc/CLKHF                              HFOSC_HFOSC_R1C32  CLOCK LATENCY    0.000                  0.000  16      
freqconverter/clk_c                                          NET DELAY        3.084                  3.084  16      
{freqconverter/counter_45__i15/CK   freqconverter/counter_45__i16/CK}
                                                             CLOCK PIN        0.000                  3.084  1       
                                                             Uncertainty      0.000                  3.084  
                                                             Hold time        0.000                  3.084  
----------------------------------------  -----------------  ---------------  -----  ---------------------  ------  
Required Time                                                                                       -3.084  
Arrival Time                                                                                         4.997  
----------------------------------------  -----------------  ---------------  -----  ---------------------  ------  
Path Slack  (Passed)                                                                                 1.913  




++++ Path 2 ++++++++++++++++++++++++++++++++++++++++++++++++++++++++++ 

Path Begin       : freqconverter/counter_45__i16/Q  (SLICE_R11C31A)
Path End         : freqconverter/counter_45__i16/D  (SLICE_R11C31A)
Source Clock     : clk_c (R)
Destination Clock: clk_c (R)
Logic Level      : 2
Delay Ratio      : 46.1% (route), 53.9% (logic)
Clock Skew       : 0.000 ns 
Hold Constraint  : 0.000 ns 
Path Slack       : 1.913 ns  (Passed)


Source Clock Path
Name                                      Cell/Site Name     Delay Name       Incr   Arrival/Required Time  Fanout  
----------------------------------------  -----------------  ---------------  -----  ---------------------  ------  
hf_osc/CLKHF                              HFOSC_HFOSC_R1C32  CLOCK LATENCY    0.000                  0.000  16      
freqconverter/clk_c                                          NET DELAY        3.084                  3.084  16      
{freqconverter/counter_45__i15/CK   freqconverter/counter_45__i16/CK}
                                                             CLOCK PIN        0.000                  3.084  1       


Data Path
Name                                      Cell/Site Name     Delay Name       Incr   Arrival/Required Time  Fanout  
----------------------------------------  -----------------  ---------------  -----  ---------------------  ------  
freqconverter/counter_45__i16/CK->freqconverter/counter_45__i16/Q
                                          SLICE_R11C31A      CLK_TO_Q1_DELAY  0.779                  3.863  2       
freqconverter/counter[16]                                    NET DELAY        0.882                  4.745  2       
freqconverter/counter_45_add_4_17/C1->freqconverter/counter_45_add_4_17/S1
                                          SLICE_R11C31A      C1_TO_F1_DELAY   0.252                  4.997  1       
freqconverter/n97[16]                                        NET DELAY        0.000                  4.997  1       
freqconverter/counter_45__i16/D                              ENDPOINT         0.000                  4.997  1       


Destination Clock Path
Name                                      Cell/Site Name     Delay Name       Incr   Arrival/Required Time  Fanout  
----------------------------------------  -----------------  ---------------  -----  ---------------------  ------  
                                                             CONSTRAINT       0.000                  0.000  1       
hf_osc/CLKHF                              HFOSC_HFOSC_R1C32  CLOCK LATENCY    0.000                  0.000  16      
freqconverter/clk_c                                          NET DELAY        3.084                  3.084  16      
{freqconverter/counter_45__i15/CK   freqconverter/counter_45__i16/CK}
                                                             CLOCK PIN        0.000                  3.084  1       
                                                             Uncertainty      0.000                  3.084  
                                                             Hold time        0.000                  3.084  
----------------------------------------  -----------------  ---------------  -----  ---------------------  ------  
Required Time                                                                                       -3.084  
Arrival Time                                                                                         4.997  
----------------------------------------  -----------------  ---------------  -----  ---------------------  ------  
Path Slack  (Passed)                                                                                 1.913  




++++ Path 3 ++++++++++++++++++++++++++++++++++++++++++++++++++++++++++ 

Path Begin       : freqconverter/counter_45__i17/Q  (SLICE_R11C31B)
Path End         : freqconverter/counter_45__i17/D  (SLICE_R11C31B)
Source Clock     : clk_c (R)
Destination Clock: clk_c (R)
Logic Level      : 2
Delay Ratio      : 46.1% (route), 53.9% (logic)
Clock Skew       : 0.000 ns 
Hold Constraint  : 0.000 ns 
Path Slack       : 1.913 ns  (Passed)


Source Clock Path
Name                                      Cell/Site Name     Delay Name       Incr   Arrival/Required Time  Fanout  
----------------------------------------  -----------------  ---------------  -----  ---------------------  ------  
hf_osc/CLKHF                              HFOSC_HFOSC_R1C32  CLOCK LATENCY    0.000                  0.000  16      
freqconverter/clk_c                                          NET DELAY        3.084                  3.084  16      
{freqconverter/counter_45__i17/CK   freqconverter/counter_45__i18/CK}
                                                             CLOCK PIN        0.000                  3.084  1       


Data Path
Name                                      Cell/Site Name     Delay Name       Incr   Arrival/Required Time  Fanout  
----------------------------------------  -----------------  ---------------  -----  ---------------------  ------  
freqconverter/counter_45__i17/CK->freqconverter/counter_45__i17/Q
                                          SLICE_R11C31B      CLK_TO_Q0_DELAY  0.779                  3.863  2       
freqconverter/counter[17]                                    NET DELAY        0.882                  4.745  2       
freqconverter/counter_45_add_4_19/C0->freqconverter/counter_45_add_4_19/S0
                                          SLICE_R11C31B      C0_TO_F0_DELAY   0.252                  4.997  1       
freqconverter/n97[17]                                        NET DELAY        0.000                  4.997  1       
freqconverter/counter_45__i17/D                              ENDPOINT         0.000                  4.997  1       


Destination Clock Path
Name                                      Cell/Site Name     Delay Name       Incr   Arrival/Required Time  Fanout  
----------------------------------------  -----------------  ---------------  -----  ---------------------  ------  
                                                             CONSTRAINT       0.000                  0.000  1       
hf_osc/CLKHF                              HFOSC_HFOSC_R1C32  CLOCK LATENCY    0.000                  0.000  16      
freqconverter/clk_c                                          NET DELAY        3.084                  3.084  16      
{freqconverter/counter_45__i17/CK   freqconverter/counter_45__i18/CK}
                                                             CLOCK PIN        0.000                  3.084  1       
                                                             Uncertainty      0.000                  3.084  
                                                             Hold time        0.000                  3.084  
----------------------------------------  -----------------  ---------------  -----  ---------------------  ------  
Required Time                                                                                       -3.084  
Arrival Time                                                                                         4.997  
----------------------------------------  -----------------  ---------------  -----  ---------------------  ------  
Path Slack  (Passed)                                                                                 1.913  




++++ Path 4 ++++++++++++++++++++++++++++++++++++++++++++++++++++++++++ 

Path Begin       : freqconverter/counter_45__i18/Q  (SLICE_R11C31B)
Path End         : freqconverter/counter_45__i18/D  (SLICE_R11C31B)
Source Clock     : clk_c (R)
Destination Clock: clk_c (R)
Logic Level      : 2
Delay Ratio      : 46.1% (route), 53.9% (logic)
Clock Skew       : 0.000 ns 
Hold Constraint  : 0.000 ns 
Path Slack       : 1.913 ns  (Passed)


Source Clock Path
Name                                      Cell/Site Name     Delay Name       Incr   Arrival/Required Time  Fanout  
----------------------------------------  -----------------  ---------------  -----  ---------------------  ------  
hf_osc/CLKHF                              HFOSC_HFOSC_R1C32  CLOCK LATENCY    0.000                  0.000  16      
freqconverter/clk_c                                          NET DELAY        3.084                  3.084  16      
{freqconverter/counter_45__i17/CK   freqconverter/counter_45__i18/CK}
                                                             CLOCK PIN        0.000                  3.084  1       


Data Path
Name                                      Cell/Site Name     Delay Name       Incr   Arrival/Required Time  Fanout  
----------------------------------------  -----------------  ---------------  -----  ---------------------  ------  
freqconverter/counter_45__i18/CK->freqconverter/counter_45__i18/Q
                                          SLICE_R11C31B      CLK_TO_Q1_DELAY  0.779                  3.863  2       
freqconverter/counter[18]                                    NET DELAY        0.882                  4.745  2       
freqconverter/counter_45_add_4_19/C1->freqconverter/counter_45_add_4_19/S1
                                          SLICE_R11C31B      C1_TO_F1_DELAY   0.252                  4.997  1       
freqconverter/n97[18]                                        NET DELAY        0.000                  4.997  1       
freqconverter/counter_45__i18/D                              ENDPOINT         0.000                  4.997  1       


Destination Clock Path
Name                                      Cell/Site Name     Delay Name       Incr   Arrival/Required Time  Fanout  
----------------------------------------  -----------------  ---------------  -----  ---------------------  ------  
                                                             CONSTRAINT       0.000                  0.000  1       
hf_osc/CLKHF                              HFOSC_HFOSC_R1C32  CLOCK LATENCY    0.000                  0.000  16      
freqconverter/clk_c                                          NET DELAY        3.084                  3.084  16      
{freqconverter/counter_45__i17/CK   freqconverter/counter_45__i18/CK}
                                                             CLOCK PIN        0.000                  3.084  1       
                                                             Uncertainty      0.000                  3.084  
                                                             Hold time        0.000                  3.084  
----------------------------------------  -----------------  ---------------  -----  ---------------------  ------  
Required Time                                                                                       -3.084  
Arrival Time                                                                                         4.997  
----------------------------------------  -----------------  ---------------  -----  ---------------------  ------  
Path Slack  (Passed)                                                                                 1.913  




++++ Path 5 ++++++++++++++++++++++++++++++++++++++++++++++++++++++++++ 

Path Begin       : freqconverter/counter_45__i19/Q  (SLICE_R11C31C)
Path End         : freqconverter/counter_45__i19/D  (SLICE_R11C31C)
Source Clock     : clk_c (R)
Destination Clock: clk_c (R)
Logic Level      : 2
Delay Ratio      : 46.1% (route), 53.9% (logic)
Clock Skew       : 0.000 ns 
Hold Constraint  : 0.000 ns 
Path Slack       : 1.913 ns  (Passed)


Source Clock Path
Name                                      Cell/Site Name     Delay Name       Incr   Arrival/Required Time  Fanout  
----------------------------------------  -----------------  ---------------  -----  ---------------------  ------  
hf_osc/CLKHF                              HFOSC_HFOSC_R1C32  CLOCK LATENCY    0.000                  0.000  16      
freqconverter/clk_c                                          NET DELAY        3.084                  3.084  16      
{freqconverter/counter_45__i19/CK   freqconverter/counter_45__i20/CK}
                                                             CLOCK PIN        0.000                  3.084  1       


Data Path
Name                                      Cell/Site Name     Delay Name       Incr   Arrival/Required Time  Fanout  
----------------------------------------  -----------------  ---------------  -----  ---------------------  ------  
freqconverter/counter_45__i19/CK->freqconverter/counter_45__i19/Q
                                          SLICE_R11C31C      CLK_TO_Q0_DELAY  0.779                  3.863  2       
freqconverter/counter[19]                                    NET DELAY        0.882                  4.745  2       
freqconverter/counter_45_add_4_21/C0->freqconverter/counter_45_add_4_21/S0
                                          SLICE_R11C31C      C0_TO_F0_DELAY   0.252                  4.997  1       
freqconverter/n97[19]                                        NET DELAY        0.000                  4.997  1       
freqconverter/counter_45__i19/D                              ENDPOINT         0.000                  4.997  1       


Destination Clock Path
Name                                      Cell/Site Name     Delay Name       Incr   Arrival/Required Time  Fanout  
----------------------------------------  -----------------  ---------------  -----  ---------------------  ------  
                                                             CONSTRAINT       0.000                  0.000  1       
hf_osc/CLKHF                              HFOSC_HFOSC_R1C32  CLOCK LATENCY    0.000                  0.000  16      
freqconverter/clk_c                                          NET DELAY        3.084                  3.084  16      
{freqconverter/counter_45__i19/CK   freqconverter/counter_45__i20/CK}
                                                             CLOCK PIN        0.000                  3.084  1       
                                                             Uncertainty      0.000                  3.084  
                                                             Hold time        0.000                  3.084  
----------------------------------------  -----------------  ---------------  -----  ---------------------  ------  
Required Time                                                                                       -3.084  
Arrival Time                                                                                         4.997  
----------------------------------------  -----------------  ---------------  -----  ---------------------  ------  
Path Slack  (Passed)                                                                                 1.913  




++++ Path 6 ++++++++++++++++++++++++++++++++++++++++++++++++++++++++++ 

Path Begin       : freqconverter/counter_45__i20/Q  (SLICE_R11C31C)
Path End         : freqconverter/counter_45__i20/D  (SLICE_R11C31C)
Source Clock     : clk_c (R)
Destination Clock: clk_c (R)
Logic Level      : 2
Delay Ratio      : 46.1% (route), 53.9% (logic)
Clock Skew       : 0.000 ns 
Hold Constraint  : 0.000 ns 
Path Slack       : 1.913 ns  (Passed)


Source Clock Path
Name                                      Cell/Site Name     Delay Name       Incr   Arrival/Required Time  Fanout  
----------------------------------------  -----------------  ---------------  -----  ---------------------  ------  
hf_osc/CLKHF                              HFOSC_HFOSC_R1C32  CLOCK LATENCY    0.000                  0.000  16      
freqconverter/clk_c                                          NET DELAY        3.084                  3.084  16      
{freqconverter/counter_45__i19/CK   freqconverter/counter_45__i20/CK}
                                                             CLOCK PIN        0.000                  3.084  1       


Data Path
Name                                      Cell/Site Name     Delay Name       Incr   Arrival/Required Time  Fanout  
----------------------------------------  -----------------  ---------------  -----  ---------------------  ------  
freqconverter/counter_45__i20/CK->freqconverter/counter_45__i20/Q
                                          SLICE_R11C31C      CLK_TO_Q1_DELAY  0.779                  3.863  2       
freqconverter/counter[20]                                    NET DELAY        0.882                  4.745  2       
freqconverter/counter_45_add_4_21/C1->freqconverter/counter_45_add_4_21/S1
                                          SLICE_R11C31C      C1_TO_F1_DELAY   0.252                  4.997  1       
freqconverter/n97[20]                                        NET DELAY        0.000                  4.997  1       
freqconverter/counter_45__i20/D                              ENDPOINT         0.000                  4.997  1       


Destination Clock Path
Name                                      Cell/Site Name     Delay Name       Incr   Arrival/Required Time  Fanout  
----------------------------------------  -----------------  ---------------  -----  ---------------------  ------  
                                                             CONSTRAINT       0.000                  0.000  1       
hf_osc/CLKHF                              HFOSC_HFOSC_R1C32  CLOCK LATENCY    0.000                  0.000  16      
freqconverter/clk_c                                          NET DELAY        3.084                  3.084  16      
{freqconverter/counter_45__i19/CK   freqconverter/counter_45__i20/CK}
                                                             CLOCK PIN        0.000                  3.084  1       
                                                             Uncertainty      0.000                  3.084  
                                                             Hold time        0.000                  3.084  
----------------------------------------  -----------------  ---------------  -----  ---------------------  ------  
Required Time                                                                                       -3.084  
Arrival Time                                                                                         4.997  
----------------------------------------  -----------------  ---------------  -----  ---------------------  ------  
Path Slack  (Passed)                                                                                 1.913  




++++ Path 7 ++++++++++++++++++++++++++++++++++++++++++++++++++++++++++ 

Path Begin       : freqconverter/counter_45__i21/Q  (SLICE_R11C31D)
Path End         : freqconverter/counter_45__i21/D  (SLICE_R11C31D)
Source Clock     : clk_c (R)
Destination Clock: clk_c (R)
Logic Level      : 2
Delay Ratio      : 46.1% (route), 53.9% (logic)
Clock Skew       : 0.000 ns 
Hold Constraint  : 0.000 ns 
Path Slack       : 1.913 ns  (Passed)


Source Clock Path
Name                                      Cell/Site Name     Delay Name       Incr   Arrival/Required Time  Fanout  
----------------------------------------  -----------------  ---------------  -----  ---------------------  ------  
hf_osc/CLKHF                              HFOSC_HFOSC_R1C32  CLOCK LATENCY    0.000                  0.000  16      
freqconverter/clk_c                                          NET DELAY        3.084                  3.084  16      
{freqconverter/counter_45__i21/CK   freqconverter/counter_45__i22/CK}
                                                             CLOCK PIN        0.000                  3.084  1       


Data Path
Name                                      Cell/Site Name     Delay Name       Incr   Arrival/Required Time  Fanout  
----------------------------------------  -----------------  ---------------  -----  ---------------------  ------  
freqconverter/counter_45__i21/CK->freqconverter/counter_45__i21/Q
                                          SLICE_R11C31D      CLK_TO_Q0_DELAY  0.779                  3.863  2       
freqconverter/counter[21]                                    NET DELAY        0.882                  4.745  2       
freqconverter/counter_45_add_4_23/C0->freqconverter/counter_45_add_4_23/S0
                                          SLICE_R11C31D      C0_TO_F0_DELAY   0.252                  4.997  1       
freqconverter/n97[21]                                        NET DELAY        0.000                  4.997  1       
freqconverter/counter_45__i21/D                              ENDPOINT         0.000                  4.997  1       


Destination Clock Path
Name                                      Cell/Site Name     Delay Name       Incr   Arrival/Required Time  Fanout  
----------------------------------------  -----------------  ---------------  -----  ---------------------  ------  
                                                             CONSTRAINT       0.000                  0.000  1       
hf_osc/CLKHF                              HFOSC_HFOSC_R1C32  CLOCK LATENCY    0.000                  0.000  16      
freqconverter/clk_c                                          NET DELAY        3.084                  3.084  16      
{freqconverter/counter_45__i21/CK   freqconverter/counter_45__i22/CK}
                                                             CLOCK PIN        0.000                  3.084  1       
                                                             Uncertainty      0.000                  3.084  
                                                             Hold time        0.000                  3.084  
----------------------------------------  -----------------  ---------------  -----  ---------------------  ------  
Required Time                                                                                       -3.084  
Arrival Time                                                                                         4.997  
----------------------------------------  -----------------  ---------------  -----  ---------------------  ------  
Path Slack  (Passed)                                                                                 1.913  




++++ Path 8 ++++++++++++++++++++++++++++++++++++++++++++++++++++++++++ 

Path Begin       : freqconverter/counter_45__i22/Q  (SLICE_R11C31D)
Path End         : freqconverter/counter_45__i22/D  (SLICE_R11C31D)
Source Clock     : clk_c (R)
Destination Clock: clk_c (R)
Logic Level      : 2
Delay Ratio      : 46.1% (route), 53.9% (logic)
Clock Skew       : 0.000 ns 
Hold Constraint  : 0.000 ns 
Path Slack       : 1.913 ns  (Passed)


Source Clock Path
Name                                      Cell/Site Name     Delay Name       Incr   Arrival/Required Time  Fanout  
----------------------------------------  -----------------  ---------------  -----  ---------------------  ------  
hf_osc/CLKHF                              HFOSC_HFOSC_R1C32  CLOCK LATENCY    0.000                  0.000  16      
freqconverter/clk_c                                          NET DELAY        3.084                  3.084  16      
{freqconverter/counter_45__i21/CK   freqconverter/counter_45__i22/CK}
                                                             CLOCK PIN        0.000                  3.084  1       


Data Path
Name                                      Cell/Site Name     Delay Name       Incr   Arrival/Required Time  Fanout  
----------------------------------------  -----------------  ---------------  -----  ---------------------  ------  
freqconverter/counter_45__i22/CK->freqconverter/counter_45__i22/Q
                                          SLICE_R11C31D      CLK_TO_Q1_DELAY  0.779                  3.863  2       
freqconverter/counter[22]                                    NET DELAY        0.882                  4.745  2       
freqconverter/counter_45_add_4_23/C1->freqconverter/counter_45_add_4_23/S1
                                          SLICE_R11C31D      C1_TO_F1_DELAY   0.252                  4.997  1       
freqconverter/n97[22]                                        NET DELAY        0.000                  4.997  1       
freqconverter/counter_45__i22/D                              ENDPOINT         0.000                  4.997  1       


Destination Clock Path
Name                                      Cell/Site Name     Delay Name       Incr   Arrival/Required Time  Fanout  
----------------------------------------  -----------------  ---------------  -----  ---------------------  ------  
                                                             CONSTRAINT       0.000                  0.000  1       
hf_osc/CLKHF                              HFOSC_HFOSC_R1C32  CLOCK LATENCY    0.000                  0.000  16      
freqconverter/clk_c                                          NET DELAY        3.084                  3.084  16      
{freqconverter/counter_45__i21/CK   freqconverter/counter_45__i22/CK}
                                                             CLOCK PIN        0.000                  3.084  1       
                                                             Uncertainty      0.000                  3.084  
                                                             Hold time        0.000                  3.084  
----------------------------------------  -----------------  ---------------  -----  ---------------------  ------  
Required Time                                                                                       -3.084  
Arrival Time                                                                                         4.997  
----------------------------------------  -----------------  ---------------  -----  ---------------------  ------  
Path Slack  (Passed)                                                                                 1.913  




++++ Path 9 ++++++++++++++++++++++++++++++++++++++++++++++++++++++++++ 

Path Begin       : freqconverter/counter_45__i13/Q  (SLICE_R11C30D)
Path End         : freqconverter/counter_45__i13/D  (SLICE_R11C30D)
Source Clock     : clk_c (R)
Destination Clock: clk_c (R)
Logic Level      : 2
Delay Ratio      : 46.1% (route), 53.9% (logic)
Clock Skew       : 0.000 ns 
Hold Constraint  : 0.000 ns 
Path Slack       : 1.913 ns  (Passed)


Source Clock Path
Name                                      Cell/Site Name     Delay Name       Incr   Arrival/Required Time  Fanout  
----------------------------------------  -----------------  ---------------  -----  ---------------------  ------  
hf_osc/CLKHF                              HFOSC_HFOSC_R1C32  CLOCK LATENCY    0.000                  0.000  16      
freqconverter/clk_c                                          NET DELAY        3.084                  3.084  16      
{freqconverter/counter_45__i13/CK   freqconverter/counter_45__i14/CK}
                                                             CLOCK PIN        0.000                  3.084  1       


Data Path
Name                                      Cell/Site Name     Delay Name       Incr   Arrival/Required Time  Fanout  
----------------------------------------  -----------------  ---------------  -----  ---------------------  ------  
freqconverter/counter_45__i13/CK->freqconverter/counter_45__i13/Q
                                          SLICE_R11C30D      CLK_TO_Q0_DELAY  0.779                  3.863  2       
freqconverter/counter[13]                                    NET DELAY        0.882                  4.745  2       
freqconverter/counter_45_add_4_15/C0->freqconverter/counter_45_add_4_15/S0
                                          SLICE_R11C30D      C0_TO_F0_DELAY   0.252                  4.997  1       
freqconverter/n97[13]                                        NET DELAY        0.000                  4.997  1       
freqconverter/counter_45__i13/D                              ENDPOINT         0.000                  4.997  1       


Destination Clock Path
Name                                      Cell/Site Name     Delay Name       Incr   Arrival/Required Time  Fanout  
----------------------------------------  -----------------  ---------------  -----  ---------------------  ------  
                                                             CONSTRAINT       0.000                  0.000  1       
hf_osc/CLKHF                              HFOSC_HFOSC_R1C32  CLOCK LATENCY    0.000                  0.000  16      
freqconverter/clk_c                                          NET DELAY        3.084                  3.084  16      
{freqconverter/counter_45__i13/CK   freqconverter/counter_45__i14/CK}
                                                             CLOCK PIN        0.000                  3.084  1       
                                                             Uncertainty      0.000                  3.084  
                                                             Hold time        0.000                  3.084  
----------------------------------------  -----------------  ---------------  -----  ---------------------  ------  
Required Time                                                                                       -3.084  
Arrival Time                                                                                         4.997  
----------------------------------------  -----------------  ---------------  -----  ---------------------  ------  
Path Slack  (Passed)                                                                                 1.913  




++++ Path 10 ++++++++++++++++++++++++++++++++++++++++++++++++++++++++++ 

Path Begin       : freqconverter/counter_45__i14/Q  (SLICE_R11C30D)
Path End         : freqconverter/counter_45__i14/D  (SLICE_R11C30D)
Source Clock     : clk_c (R)
Destination Clock: clk_c (R)
Logic Level      : 2
Delay Ratio      : 46.1% (route), 53.9% (logic)
Clock Skew       : 0.000 ns 
Hold Constraint  : 0.000 ns 
Path Slack       : 1.913 ns  (Passed)


Source Clock Path
Name                                      Cell/Site Name     Delay Name       Incr   Arrival/Required Time  Fanout  
----------------------------------------  -----------------  ---------------  -----  ---------------------  ------  
hf_osc/CLKHF                              HFOSC_HFOSC_R1C32  CLOCK LATENCY    0.000                  0.000  16      
freqconverter/clk_c                                          NET DELAY        3.084                  3.084  16      
{freqconverter/counter_45__i13/CK   freqconverter/counter_45__i14/CK}
                                                             CLOCK PIN        0.000                  3.084  1       


Data Path
Name                                      Cell/Site Name     Delay Name       Incr   Arrival/Required Time  Fanout  
----------------------------------------  -----------------  ---------------  -----  ---------------------  ------  
freqconverter/counter_45__i14/CK->freqconverter/counter_45__i14/Q
                                          SLICE_R11C30D      CLK_TO_Q1_DELAY  0.779                  3.863  2       
freqconverter/counter[14]                                    NET DELAY        0.882                  4.745  2       
freqconverter/counter_45_add_4_15/C1->freqconverter/counter_45_add_4_15/S1
                                          SLICE_R11C30D      C1_TO_F1_DELAY   0.252                  4.997  1       
freqconverter/n97[14]                                        NET DELAY        0.000                  4.997  1       
freqconverter/counter_45__i14/D                              ENDPOINT         0.000                  4.997  1       


Destination Clock Path
Name                                      Cell/Site Name     Delay Name       Incr   Arrival/Required Time  Fanout  
----------------------------------------  -----------------  ---------------  -----  ---------------------  ------  
                                                             CONSTRAINT       0.000                  0.000  1       
hf_osc/CLKHF                              HFOSC_HFOSC_R1C32  CLOCK LATENCY    0.000                  0.000  16      
freqconverter/clk_c                                          NET DELAY        3.084                  3.084  16      
{freqconverter/counter_45__i13/CK   freqconverter/counter_45__i14/CK}
                                                             CLOCK PIN        0.000                  3.084  1       
                                                             Uncertainty      0.000                  3.084  
                                                             Hold time        0.000                  3.084  
----------------------------------------  -----------------  ---------------  -----  ---------------------  ------  
Required Time                                                                                       -3.084  
Arrival Time                                                                                         4.997  
----------------------------------------  -----------------  ---------------  -----  ---------------------  ------  
Path Slack  (Passed)                                                                                 1.913  



+++++++++++++++++++++++++++++++++++++++++++++++++++++++++++++++++++++ 
                    End of Detailed Report for timing paths 
+++++++++++++++++++++++++++++++++++++++++++++++++++++++++++++++++++++ 


##########################################################



