Lattice Timing Report -  Setup  and Hold, Version Radiant Software (64-bit) 2026.1.0.37.0

Mon Sep 14 00:50:34 2026

Copyright (c) 1991-1994 by NeoCAD Inc. All rights reserved.
Copyright (c) 1995 AT&T Corp.   All rights reserved.
Copyright (c) 1995-2001 Lucent Technologies Inc.  All rights reserved.
Copyright (c) 2001 Agere Systems   All rights reserved.
Copyright (c) 2002-2026 Lattice Semiconductor Corporation,  All rights reserved.

Command line:    timing -sethld -v 10 -u 10 -endpoints 10 -nperend 1 -sp High-Performance_1.2V -hsp m -pwrprd -html -rpt lab2_aiproto2_impl_1.twr lab2_aiproto2_impl_1.udb -gui -msgset C:/Users/nko/Documents/GitHub/E155-Labs/E155-Lab2/lab2_aiproto2/promote.xml

-----------------------------------------
Design:          display_multiplexer
Family:          iCE40UP
Device:          iCE40UP5K
Package:         SG48
Performance:     High-Performance_1.2V
Package Status:                     Preliminary    Version 1.5
**Performance Hardware Data Status :   Advanced Version 1.0
-----------------------------------------


=====================================================================
                    Table of Contents
=====================================================================
    1  Timing Overview
        1.1  SDC Constraints
        1.2  Constraint Coverage
        1.3  Overall Summary
        1.4  Unconstrained Report
        1.5  Combinational Loop
    2  Setup at Speed Grade High-Performance_1.2V Corner at 100 Degrees
        2.1  Clock Summary
        2.2  Endpoint slacks
        2.3  Detailed Report
    3  Hold at Speed Grade m Corner at -40 Degrees
        3.1  Endpoint slacks
        3.2  Detailed Report

=====================================================================
                    End of Table of Contents
=====================================================================

==============================================
1  Timing Overview
==============================================

1.1  SDC Constraints
=====================
create_clock -name {clk} -period 41.6667 [get_pins {hf_osc/CLKHF }] 

1.2  Constraint Coverage
---------------------------
Constraint Coverage: 88.2576%


1.3  Overall Summary
---------------------------
 Setup at Speed Grade High-Performance_1.2V Corner at 100 Degrees     Timing Errors: 0 endpoints;  Total Negative Slack: 0.000 ns 
 Hold at Speed Grade m Corner at -40 Degrees                          Timing Errors: 0 endpoints;  Total Negative Slack: 0.000 ns 

1.4  Unconstrained Report
===========================

1.4.1  Unconstrained Start/End Points
--------------------------------------

Clocked but unconstrained timing start points
-------------------------------------------------------------------
        Listing 10 Start Points         |           Type           
-------------------------------------------------------------------
seg0_i0_i5/PADDO                        |          No required time
seg0_i0_i4/PADDO                        |          No required time
seg0_i0_i3/PADDO                        |          No required time
seg0_i0_i2/PADDO                        |          No required time
seg0_i0_i1/PADDO                        |          No required time
seg0_i0_i0/PADDO                        |          No required time
seg1_i0_i5/PADDO                        |          No required time
seg1_i0_i4/PADDO                        |          No required time
seg1_i0_i3/PADDO                        |          No required time
seg1_i0_i2/PADDO                        |          No required time
-------------------------------------------------------------------
                                        |                          
Number of unconstrained timing start po |                          
ints                                    |                        14
                                        |                          
-------------------------------------------------------------------

Clocked but unconstrained timing end points
-------------------------------------------------------------------
          Listing 1 End Points          |           Type           
-------------------------------------------------------------------
freq_divider/led2/SR                    |           No arrival time
-------------------------------------------------------------------
                                        |                          
Number of unconstrained timing end poin |                          
ts                                      |                         1
                                        |                          
-------------------------------------------------------------------

1.4.2  Start/End Points Without Timing Constraints
---------------------------------------------------

I/O ports without constraint
----------------------------
Possible constraints to use on I/O ports are:
set_input_delay,
set_output_delay,
set_max_delay,
create_clock,
create_generated_clock,
...

-------------------------------------------------------------------
     Listing 10 Start or End Points     |           Type           
-------------------------------------------------------------------
reset                                   |                     input
val0[3]                                 |                     input
val0[2]                                 |                     input
val0[1]                                 |                     input
val0[0]                                 |                     input
val1[3]                                 |                     input
val1[2]                                 |                     input
val1[1]                                 |                     input
val1[0]                                 |                     input
seg0[6]                                 |                    output
-------------------------------------------------------------------
                                        |                          
Number of I/O ports without constraint  |                        23
                                        |                          
-------------------------------------------------------------------

Nets without clock definition
Define a clock on a top level port or a generated clock on a clock divider pin associated with this net(s).
--------------------------------------------------
There is no instance satisfying reporting criteria



1.5  Combinational Loop
========================
None

===============================================================
2  Setup at Speed Grade High-Performance_1.2V Corner at 100 Degrees
===============================================================

2.1  Clock Summary
=======================

2.1.1 Clock "clk"
=======================
create_clock -name {clk} -period 41.6667 [get_pins {hf_osc/CLKHF }] 

Single Clock Domain
-------------------------------------------------------------------------------------------------------
               Clock clk                |                    |       Period       |     Frequency      
-------------------------------------------------------------------------------------------------------
 From clk                               |             Target |          41.667 ns |         24.000 MHz 
                                        | Actual (all paths) |          20.792 ns |         48.095 MHz 
hf_osc/CLKHF (MPW)                      |   (50% duty cycle) |          20.792 ns |         48.095 MHz 
-------------------------------------------------------------------------------------------------------

Clock Domain Crossing

2.2  Endpoint slacks
=======================
-------------------------------------------------------
          Listing 10 End Points          |    Slack    
-------------------------------------------------------
seg1_i0_i0/DO0                           |   26.345 ns 
seg0_i0_i1/DO0                           |   26.345 ns 
freq_divider/counter_59__i0/SR           |   26.664 ns 
{freq_divider/counter_59__i1/SR   freq_divider/counter_59__i2/SR}              
                                         |   26.664 ns 
{freq_divider/counter_59__i3/SR   freq_divider/counter_59__i4/SR}              
                                         |   26.664 ns 
{freq_divider/counter_59__i5/SR   freq_divider/counter_59__i6/SR}              
                                         |   26.664 ns 
seg1_i0_i3/DO0                           |   26.780 ns 
{freq_divider/counter_59__i17/SR   freq_divider/counter_59__i18/SR}              
                                         |   27.259 ns 
{freq_divider/counter_59__i19/SR   freq_divider/counter_59__i20/SR}              
                                         |   27.259 ns 
{freq_divider/counter_59__i21/SR   freq_divider/counter_59__i22/SR}              
                                         |   27.259 ns 
-------------------------------------------------------
                                         |             
Setup # of endpoints with negative slack:|           0 
                                         |             
-------------------------------------------------------

2.3  Detailed Report
=======================


XXXXXXXXXXXXXXXXXXXXXXXXXXXXXXXXXXXXXXXXXXXXXXXXXXXXXXXXXX

Detail report of critical paths

XXXXXXXXXXXXXXXXXXXXXXXXXXXXXXXXXXXXXXXXXXXXXXXXXXXXXXXXXX

+++++++++++++++++++++++++++++++++++++++++++++++++++++++++++++++++++++ 
                    Detailed Report for timing paths 
+++++++++++++++++++++++++++++++++++++++++++++++++++++++++++++++++++++ 

++++ Path 1 ++++++++++++++++++++++++++++++++++++++++++++++++++++++++++ 

Path Begin       : freq_divider/led2/Q  (SLICE_R19C3C)
Path End         : seg1_i0_i0/DO0  (IOLOGIC_IOL_L8B)
Source Clock     : clk (R)
Destination Clock: clk (R)
Logic Level      : 4
Delay Ratio      : 81.9% (route), 18.1% (logic)
Clock Skew       : 0.000 ns 
Setup Constraint : 41.666 ns 
Path Slack       : 26.344 ns  (Passed)


Source Clock Path
Name                                      Cell/Site Name     Delay Name       Incr      Arrival/Required Time  Fanout  
----------------------------------------  -----------------  ---------------  --------  ---------------------  ------  
hf_osc/CLKHF                              HFOSC_HFOSC_R1C32  CLOCK LATENCY       0.000                  0.000  28      
freq_divider/clk                                             NET DELAY           5.499                  5.499  28      
freq_divider/led2/CK                                         CLOCK PIN           0.000                  5.499  1       


Data Path
Name                                      Cell/Site Name     Delay Name       Incr      Arrival/Required Time  Fanout  
----------------------------------------  -----------------  ---------------  --------  ---------------------  ------  
freq_divider/led2/CK->freq_divider/led2/Q
                                          SLICE_R19C3C       CLK_TO_Q1_DELAY     1.388                  6.887  7       
freq_divider/select                                          NET DELAY           2.617                  9.504  7       
val0_c_2__I_0_3_lut/C->val0_c_2__I_0_3_lut/Z
                                          SLICE_R17C3A       C0_TO_F0_DELAY      0.449                  9.953  10      
decoder/current_val[2]                                       NET DELAY           2.432                 12.385  10      
decoder/i268_2_lut_3_lut/B->decoder/i268_2_lut_3_lut/Z
                                          SLICE_R18C3A       C0_TO_F0_DELAY      0.449                 12.834  1       
decoder/n362                                                 NET DELAY           2.168                 15.002  1       
i267_4_lut/C->i267_4_lut/Z                SLICE_R18C3B       D1_TO_F1_DELAY      0.449                 15.451  2       
n229                                                         NET DELAY           5.168                 20.619  2       
seg1_i0_i0/DO0                                               ENDPOINT            0.000                 20.619  1       


Destination Clock Path
Name                                      Cell/Site Name     Delay Name       Incr      Arrival/Required Time  Fanout  
----------------------------------------  -----------------  ---------------  --------  ---------------------  ------  
                                                             CONSTRAINT          0.000                 41.666  1       
hf_osc/CLKHF                              HFOSC_HFOSC_R1C32  CLOCK LATENCY       0.000                 41.666  28      
freq_divider/clk                                             NET DELAY           5.499                 47.165  28      
seg1_i0_i0/OUTCLK                                            CLOCK PIN           0.000                 47.165  1       
                                                             Uncertainty      -(0.000)                 47.165  
                                                             Setup time       -(0.202)                 46.963  
----------------------------------------  -----------------  ---------------  --------  ---------------------  ------  
Required Time                                                                                          46.963  
Arrival Time                                                                                        -(20.618)  
----------------------------------------  -----------------  ---------------  --------  ---------------------  ------  
Path Slack  (Passed)                                                                                   26.344  




++++ Path 2 ++++++++++++++++++++++++++++++++++++++++++++++++++++++++++ 

Path Begin       : freq_divider/led2/Q  (SLICE_R19C3C)
Path End         : seg0_i0_i1/DO0  (IOLOGIC_IOL_L6A)
Source Clock     : clk (R)
Destination Clock: clk (R)
Logic Level      : 4
Delay Ratio      : 81.9% (route), 18.1% (logic)
Clock Skew       : 0.000 ns 
Setup Constraint : 41.666 ns 
Path Slack       : 26.344 ns  (Passed)


Source Clock Path
Name                                      Cell/Site Name     Delay Name       Incr      Arrival/Required Time  Fanout  
----------------------------------------  -----------------  ---------------  --------  ---------------------  ------  
hf_osc/CLKHF                              HFOSC_HFOSC_R1C32  CLOCK LATENCY       0.000                  0.000  28      
freq_divider/clk                                             NET DELAY           5.499                  5.499  28      
freq_divider/led2/CK                                         CLOCK PIN           0.000                  5.499  1       


Data Path
Name                                      Cell/Site Name     Delay Name       Incr      Arrival/Required Time  Fanout  
----------------------------------------  -----------------  ---------------  --------  ---------------------  ------  
freq_divider/led2/CK->freq_divider/led2/Q
                                          SLICE_R19C3C       CLK_TO_Q1_DELAY     1.388                  6.887  7       
freq_divider/select                                          NET DELAY           2.617                  9.504  7       
val0_c_2__I_0_3_lut/C->val0_c_2__I_0_3_lut/Z
                                          SLICE_R17C3A       C0_TO_F0_DELAY      0.449                  9.953  10      
decoder/current_val[2]                                       NET DELAY           2.432                 12.385  10      
decoder/i119_4_lut_3_lut/C->decoder/i119_4_lut_3_lut/Z
                                          SLICE_R17C2B       C0_TO_F0_DELAY      0.449                 12.834  1       
decoder/decoded_seg_1__N_34                                  NET DELAY           2.168                 15.002  1       
i252_4_lut/A->i252_4_lut/Z                SLICE_R17C2D       D1_TO_F1_DELAY      0.449                 15.451  2       
n267                                                         NET DELAY           5.168                 20.619  2       
seg0_i0_i1/DO0                                               ENDPOINT            0.000                 20.619  1       


Destination Clock Path
Name                                      Cell/Site Name     Delay Name       Incr      Arrival/Required Time  Fanout  
----------------------------------------  -----------------  ---------------  --------  ---------------------  ------  
                                                             CONSTRAINT          0.000                 41.666  1       
hf_osc/CLKHF                              HFOSC_HFOSC_R1C32  CLOCK LATENCY       0.000                 41.666  28      
freq_divider/clk                                             NET DELAY           5.499                 47.165  28      
seg0_i0_i1/OUTCLK                                            CLOCK PIN           0.000                 47.165  1       
                                                             Uncertainty      -(0.000)                 47.165  
                                                             Setup time       -(0.202)                 46.963  
----------------------------------------  -----------------  ---------------  --------  ---------------------  ------  
Required Time                                                                                          46.963  
Arrival Time                                                                                        -(20.618)  
----------------------------------------  -----------------  ---------------  --------  ---------------------  ------  
Path Slack  (Passed)                                                                                   26.344  




++++ Path 3 ++++++++++++++++++++++++++++++++++++++++++++++++++++++++++ 

Path Begin       : freq_divider/counter_59__i1/Q  (SLICE_R18C6B)
Path End         : freq_divider/counter_59__i0/SR  (SLICE_R18C6A)
Source Clock     : clk (R)
Destination Clock: clk (R)
Logic Level      : 9
Delay Ratio      : 64.3% (route), 35.7% (logic)
Clock Skew       : 0.000 ns 
Setup Constraint : 41.666 ns 
Path Slack       : 26.663 ns  (Passed)


Source Clock Path
Name                                      Cell/Site Name     Delay Name       Incr      Arrival/Required Time  Fanout  
----------------------------------------  -----------------  ---------------  --------  ---------------------  ------  
hf_osc/CLKHF                              HFOSC_HFOSC_R1C32  CLOCK LATENCY       0.000                  0.000  28      
freq_divider/clk                                             NET DELAY           5.499                  5.499  28      
{freq_divider/counter_59__i1/CK   freq_divider/counter_59__i2/CK}
                                                             CLOCK PIN           0.000                  5.499  1       


Data Path
Name                                      Cell/Site Name     Delay Name       Incr      Arrival/Required Time  Fanout  
----------------------------------------  -----------------  ---------------  --------  ---------------------  ------  
freq_divider/counter_59__i1/CK->freq_divider/counter_59__i1/Q
                                          SLICE_R18C6B       CLK_TO_Q0_DELAY     1.388                  6.887  2       
freq_divider/counter[1]                                      NET DELAY           2.141                  9.028  2       
freq_divider/i4_4_lut/B->freq_divider/i4_4_lut/Z
                                          SLICE_R19C7A       A0_TO_F0_DELAY      0.476                  9.504  1       
freq_divider/n10                                             NET DELAY           0.304                  9.808  1       
freq_divider/i1_4_lut_adj_1/C->freq_divider/i1_4_lut_adj_1/Z
                                          SLICE_R19C7A       C1_TO_F1_DELAY      0.476                 10.284  1       
freq_divider/n4_adj_53                                       NET DELAY           0.304                 10.588  1       
freq_divider/i2_4_lut_adj_2/D->freq_divider/i2_4_lut_adj_2/Z
                                          SLICE_R19C7B       C0_TO_F0_DELAY      0.476                 11.064  1       
freq_divider/n471                                            NET DELAY           0.304                 11.368  1       
freq_divider/i1_4_lut_adj_3/B->freq_divider/i1_4_lut_adj_3/Z
                                          SLICE_R19C7B       C1_TO_F1_DELAY      0.476                 11.844  1       
freq_divider/n4                                              NET DELAY           0.304                 12.148  1       
freq_divider/i1_4_lut/D->freq_divider/i1_4_lut/Z
                                          SLICE_R19C7C       C0_TO_F0_DELAY      0.476                 12.624  1       
freq_divider/n5                                              NET DELAY           0.304                 12.928  1       
freq_divider/i2_4_lut/C->freq_divider/i2_4_lut/Z
                                          SLICE_R19C7C       C1_TO_F1_DELAY      0.476                 13.404  1       
freq_divider/n468                                            NET DELAY           0.304                 13.708  1       
freq_divider/i45_4_lut/D->freq_divider/i45_4_lut/Z
                                          SLICE_R19C7D       C0_TO_F0_DELAY      0.476                 14.184  2       
freq_divider/n54                                             NET DELAY           0.304                 14.488  2       
freq_divider/i18_2_lut/A->freq_divider/i18_2_lut/Z
                                          SLICE_R19C7D       C1_TO_F1_DELAY      0.449                 14.937  12      
freq_divider/n110                                            NET DELAY           5.036                 19.973  12      
freq_divider/counter_59__i0/SR                               ENDPOINT            0.000                 19.973  1       


Destination Clock Path
Name                                      Cell/Site Name     Delay Name       Incr      Arrival/Required Time  Fanout  
----------------------------------------  -----------------  ---------------  --------  ---------------------  ------  
                                                             CONSTRAINT          0.000                 41.666  1       
hf_osc/CLKHF                              HFOSC_HFOSC_R1C32  CLOCK LATENCY       0.000                 41.666  28      
freq_divider/clk                                             NET DELAY           5.499                 47.165  28      
freq_divider/counter_59__i0/CK                               CLOCK PIN           0.000                 47.165  1       
                                                             Uncertainty      -(0.000)                 47.165  
                                                             Setup time       -(0.529)                 46.636  
----------------------------------------  -----------------  ---------------  --------  ---------------------  ------  
Required Time                                                                                          46.636  
Arrival Time                                                                                        -(19.972)  
----------------------------------------  -----------------  ---------------  --------  ---------------------  ------  
Path Slack  (Passed)                                                                                   26.663  




++++ Path 4 ++++++++++++++++++++++++++++++++++++++++++++++++++++++++++ 

Path Begin       : freq_divider/counter_59__i1/Q  (SLICE_R18C6B)
Path End         : {freq_divider/counter_59__i1/SR   freq_divider/counter_59__i2/SR}  (SLICE_R18C6B)
Source Clock     : clk (R)
Destination Clock: clk (R)
Logic Level      : 9
Delay Ratio      : 64.3% (route), 35.7% (logic)
Clock Skew       : 0.000 ns 
Setup Constraint : 41.666 ns 
Path Slack       : 26.663 ns  (Passed)


Source Clock Path
Name                                      Cell/Site Name     Delay Name       Incr      Arrival/Required Time  Fanout  
----------------------------------------  -----------------  ---------------  --------  ---------------------  ------  
hf_osc/CLKHF                              HFOSC_HFOSC_R1C32  CLOCK LATENCY       0.000                  0.000  28      
freq_divider/clk                                             NET DELAY           5.499                  5.499  28      
{freq_divider/counter_59__i1/CK   freq_divider/counter_59__i2/CK}
                                                             CLOCK PIN           0.000                  5.499  1       


Data Path
Name                                      Cell/Site Name     Delay Name       Incr      Arrival/Required Time  Fanout  
----------------------------------------  -----------------  ---------------  --------  ---------------------  ------  
freq_divider/counter_59__i1/CK->freq_divider/counter_59__i1/Q
                                          SLICE_R18C6B       CLK_TO_Q0_DELAY     1.388                  6.887  2       
freq_divider/counter[1]                                      NET DELAY           2.141                  9.028  2       
freq_divider/i4_4_lut/B->freq_divider/i4_4_lut/Z
                                          SLICE_R19C7A       A0_TO_F0_DELAY      0.476                  9.504  1       
freq_divider/n10                                             NET DELAY           0.304                  9.808  1       
freq_divider/i1_4_lut_adj_1/C->freq_divider/i1_4_lut_adj_1/Z
                                          SLICE_R19C7A       C1_TO_F1_DELAY      0.476                 10.284  1       
freq_divider/n4_adj_53                                       NET DELAY           0.304                 10.588  1       
freq_divider/i2_4_lut_adj_2/D->freq_divider/i2_4_lut_adj_2/Z
                                          SLICE_R19C7B       C0_TO_F0_DELAY      0.476                 11.064  1       
freq_divider/n471                                            NET DELAY           0.304                 11.368  1       
freq_divider/i1_4_lut_adj_3/B->freq_divider/i1_4_lut_adj_3/Z
                                          SLICE_R19C7B       C1_TO_F1_DELAY      0.476                 11.844  1       
freq_divider/n4                                              NET DELAY           0.304                 12.148  1       
freq_divider/i1_4_lut/D->freq_divider/i1_4_lut/Z
                                          SLICE_R19C7C       C0_TO_F0_DELAY      0.476                 12.624  1       
freq_divider/n5                                              NET DELAY           0.304                 12.928  1       
freq_divider/i2_4_lut/C->freq_divider/i2_4_lut/Z
                                          SLICE_R19C7C       C1_TO_F1_DELAY      0.476                 13.404  1       
freq_divider/n468                                            NET DELAY           0.304                 13.708  1       
freq_divider/i45_4_lut/D->freq_divider/i45_4_lut/Z
                                          SLICE_R19C7D       C0_TO_F0_DELAY      0.476                 14.184  2       
freq_divider/n54                                             NET DELAY           0.304                 14.488  2       
freq_divider/i18_2_lut/A->freq_divider/i18_2_lut/Z
                                          SLICE_R19C7D       C1_TO_F1_DELAY      0.449                 14.937  12      
freq_divider/n110                                            NET DELAY           5.036                 19.973  12      
{freq_divider/counter_59__i1/SR   freq_divider/counter_59__i2/SR}
                                                             ENDPOINT            0.000                 19.973  1       


Destination Clock Path
Name                                      Cell/Site Name     Delay Name       Incr      Arrival/Required Time  Fanout  
----------------------------------------  -----------------  ---------------  --------  ---------------------  ------  
                                                             CONSTRAINT          0.000                 41.666  1       
hf_osc/CLKHF                              HFOSC_HFOSC_R1C32  CLOCK LATENCY       0.000                 41.666  28      
freq_divider/clk                                             NET DELAY           5.499                 47.165  28      
{freq_divider/counter_59__i1/CK   freq_divider/counter_59__i2/CK}
                                                             CLOCK PIN           0.000                 47.165  1       
                                                             Uncertainty      -(0.000)                 47.165  
                                                             Setup time       -(0.529)                 46.636  
----------------------------------------  -----------------  ---------------  --------  ---------------------  ------  
Required Time                                                                                          46.636  
Arrival Time                                                                                        -(19.972)  
----------------------------------------  -----------------  ---------------  --------  ---------------------  ------  
Path Slack  (Passed)                                                                                   26.663  




++++ Path 5 ++++++++++++++++++++++++++++++++++++++++++++++++++++++++++ 

Path Begin       : freq_divider/counter_59__i1/Q  (SLICE_R18C6B)
Path End         : {freq_divider/counter_59__i3/SR   freq_divider/counter_59__i4/SR}  (SLICE_R18C6C)
Source Clock     : clk (R)
Destination Clock: clk (R)
Logic Level      : 9
Delay Ratio      : 64.3% (route), 35.7% (logic)
Clock Skew       : 0.000 ns 
Setup Constraint : 41.666 ns 
Path Slack       : 26.663 ns  (Passed)


Source Clock Path
Name                                      Cell/Site Name     Delay Name       Incr      Arrival/Required Time  Fanout  
----------------------------------------  -----------------  ---------------  --------  ---------------------  ------  
hf_osc/CLKHF                              HFOSC_HFOSC_R1C32  CLOCK LATENCY       0.000                  0.000  28      
freq_divider/clk                                             NET DELAY           5.499                  5.499  28      
{freq_divider/counter_59__i1/CK   freq_divider/counter_59__i2/CK}
                                                             CLOCK PIN           0.000                  5.499  1       


Data Path
Name                                      Cell/Site Name     Delay Name       Incr      Arrival/Required Time  Fanout  
----------------------------------------  -----------------  ---------------  --------  ---------------------  ------  
freq_divider/counter_59__i1/CK->freq_divider/counter_59__i1/Q
                                          SLICE_R18C6B       CLK_TO_Q0_DELAY     1.388                  6.887  2       
freq_divider/counter[1]                                      NET DELAY           2.141                  9.028  2       
freq_divider/i4_4_lut/B->freq_divider/i4_4_lut/Z
                                          SLICE_R19C7A       A0_TO_F0_DELAY      0.476                  9.504  1       
freq_divider/n10                                             NET DELAY           0.304                  9.808  1       
freq_divider/i1_4_lut_adj_1/C->freq_divider/i1_4_lut_adj_1/Z
                                          SLICE_R19C7A       C1_TO_F1_DELAY      0.476                 10.284  1       
freq_divider/n4_adj_53                                       NET DELAY           0.304                 10.588  1       
freq_divider/i2_4_lut_adj_2/D->freq_divider/i2_4_lut_adj_2/Z
                                          SLICE_R19C7B       C0_TO_F0_DELAY      0.476                 11.064  1       
freq_divider/n471                                            NET DELAY           0.304                 11.368  1       
freq_divider/i1_4_lut_adj_3/B->freq_divider/i1_4_lut_adj_3/Z
                                          SLICE_R19C7B       C1_TO_F1_DELAY      0.476                 11.844  1       
freq_divider/n4                                              NET DELAY           0.304                 12.148  1       
freq_divider/i1_4_lut/D->freq_divider/i1_4_lut/Z
                                          SLICE_R19C7C       C0_TO_F0_DELAY      0.476                 12.624  1       
freq_divider/n5                                              NET DELAY           0.304                 12.928  1       
freq_divider/i2_4_lut/C->freq_divider/i2_4_lut/Z
                                          SLICE_R19C7C       C1_TO_F1_DELAY      0.476                 13.404  1       
freq_divider/n468                                            NET DELAY           0.304                 13.708  1       
freq_divider/i45_4_lut/D->freq_divider/i45_4_lut/Z
                                          SLICE_R19C7D       C0_TO_F0_DELAY      0.476                 14.184  2       
freq_divider/n54                                             NET DELAY           0.304                 14.488  2       
freq_divider/i18_2_lut/A->freq_divider/i18_2_lut/Z
                                          SLICE_R19C7D       C1_TO_F1_DELAY      0.449                 14.937  12      
freq_divider/n110                                            NET DELAY           5.036                 19.973  12      
{freq_divider/counter_59__i3/SR   freq_divider/counter_59__i4/SR}
                                                             ENDPOINT            0.000                 19.973  1       


Destination Clock Path
Name                                      Cell/Site Name     Delay Name       Incr      Arrival/Required Time  Fanout  
----------------------------------------  -----------------  ---------------  --------  ---------------------  ------  
                                                             CONSTRAINT          0.000                 41.666  1       
hf_osc/CLKHF                              HFOSC_HFOSC_R1C32  CLOCK LATENCY       0.000                 41.666  28      
freq_divider/clk                                             NET DELAY           5.499                 47.165  28      
{freq_divider/counter_59__i3/CK   freq_divider/counter_59__i4/CK}
                                                             CLOCK PIN           0.000                 47.165  1       
                                                             Uncertainty      -(0.000)                 47.165  
                                                             Setup time       -(0.529)                 46.636  
----------------------------------------  -----------------  ---------------  --------  ---------------------  ------  
Required Time                                                                                          46.636  
Arrival Time                                                                                        -(19.972)  
----------------------------------------  -----------------  ---------------  --------  ---------------------  ------  
Path Slack  (Passed)                                                                                   26.663  




++++ Path 6 ++++++++++++++++++++++++++++++++++++++++++++++++++++++++++ 

Path Begin       : freq_divider/counter_59__i1/Q  (SLICE_R18C6B)
Path End         : {freq_divider/counter_59__i5/SR   freq_divider/counter_59__i6/SR}  (SLICE_R18C6D)
Source Clock     : clk (R)
Destination Clock: clk (R)
Logic Level      : 9
Delay Ratio      : 64.3% (route), 35.7% (logic)
Clock Skew       : 0.000 ns 
Setup Constraint : 41.666 ns 
Path Slack       : 26.663 ns  (Passed)


Source Clock Path
Name                                      Cell/Site Name     Delay Name       Incr      Arrival/Required Time  Fanout  
----------------------------------------  -----------------  ---------------  --------  ---------------------  ------  
hf_osc/CLKHF                              HFOSC_HFOSC_R1C32  CLOCK LATENCY       0.000                  0.000  28      
freq_divider/clk                                             NET DELAY           5.499                  5.499  28      
{freq_divider/counter_59__i1/CK   freq_divider/counter_59__i2/CK}
                                                             CLOCK PIN           0.000                  5.499  1       


Data Path
Name                                      Cell/Site Name     Delay Name       Incr      Arrival/Required Time  Fanout  
----------------------------------------  -----------------  ---------------  --------  ---------------------  ------  
freq_divider/counter_59__i1/CK->freq_divider/counter_59__i1/Q
                                          SLICE_R18C6B       CLK_TO_Q0_DELAY     1.388                  6.887  2       
freq_divider/counter[1]                                      NET DELAY           2.141                  9.028  2       
freq_divider/i4_4_lut/B->freq_divider/i4_4_lut/Z
                                          SLICE_R19C7A       A0_TO_F0_DELAY      0.476                  9.504  1       
freq_divider/n10                                             NET DELAY           0.304                  9.808  1       
freq_divider/i1_4_lut_adj_1/C->freq_divider/i1_4_lut_adj_1/Z
                                          SLICE_R19C7A       C1_TO_F1_DELAY      0.476                 10.284  1       
freq_divider/n4_adj_53                                       NET DELAY           0.304                 10.588  1       
freq_divider/i2_4_lut_adj_2/D->freq_divider/i2_4_lut_adj_2/Z
                                          SLICE_R19C7B       C0_TO_F0_DELAY      0.476                 11.064  1       
freq_divider/n471                                            NET DELAY           0.304                 11.368  1       
freq_divider/i1_4_lut_adj_3/B->freq_divider/i1_4_lut_adj_3/Z
                                          SLICE_R19C7B       C1_TO_F1_DELAY      0.476                 11.844  1       
freq_divider/n4                                              NET DELAY           0.304                 12.148  1       
freq_divider/i1_4_lut/D->freq_divider/i1_4_lut/Z
                                          SLICE_R19C7C       C0_TO_F0_DELAY      0.476                 12.624  1       
freq_divider/n5                                              NET DELAY           0.304                 12.928  1       
freq_divider/i2_4_lut/C->freq_divider/i2_4_lut/Z
                                          SLICE_R19C7C       C1_TO_F1_DELAY      0.476                 13.404  1       
freq_divider/n468                                            NET DELAY           0.304                 13.708  1       
freq_divider/i45_4_lut/D->freq_divider/i45_4_lut/Z
                                          SLICE_R19C7D       C0_TO_F0_DELAY      0.476                 14.184  2       
freq_divider/n54                                             NET DELAY           0.304                 14.488  2       
freq_divider/i18_2_lut/A->freq_divider/i18_2_lut/Z
                                          SLICE_R19C7D       C1_TO_F1_DELAY      0.449                 14.937  12      
freq_divider/n110                                            NET DELAY           5.036                 19.973  12      
{freq_divider/counter_59__i5/SR   freq_divider/counter_59__i6/SR}
                                                             ENDPOINT            0.000                 19.973  1       


Destination Clock Path
Name                                      Cell/Site Name     Delay Name       Incr      Arrival/Required Time  Fanout  
----------------------------------------  -----------------  ---------------  --------  ---------------------  ------  
                                                             CONSTRAINT          0.000                 41.666  1       
hf_osc/CLKHF                              HFOSC_HFOSC_R1C32  CLOCK LATENCY       0.000                 41.666  28      
freq_divider/clk                                             NET DELAY           5.499                 47.165  28      
{freq_divider/counter_59__i5/CK   freq_divider/counter_59__i6/CK}
                                                             CLOCK PIN           0.000                 47.165  1       
                                                             Uncertainty      -(0.000)                 47.165  
                                                             Setup time       -(0.529)                 46.636  
----------------------------------------  -----------------  ---------------  --------  ---------------------  ------  
Required Time                                                                                          46.636  
Arrival Time                                                                                        -(19.972)  
----------------------------------------  -----------------  ---------------  --------  ---------------------  ------  
Path Slack  (Passed)                                                                                   26.663  




++++ Path 7 ++++++++++++++++++++++++++++++++++++++++++++++++++++++++++ 

Path Begin       : freq_divider/led2/Q  (SLICE_R19C3C)
Path End         : seg1_i0_i3/DO0  (IOLOGIC_IOL_L8A)
Source Clock     : clk (R)
Destination Clock: clk (R)
Logic Level      : 4
Delay Ratio      : 81.4% (route), 18.6% (logic)
Clock Skew       : 0.000 ns 
Setup Constraint : 41.666 ns 
Path Slack       : 26.779 ns  (Passed)


Source Clock Path
Name                                      Cell/Site Name     Delay Name       Incr      Arrival/Required Time  Fanout  
----------------------------------------  -----------------  ---------------  --------  ---------------------  ------  
hf_osc/CLKHF                              HFOSC_HFOSC_R1C32  CLOCK LATENCY       0.000                  0.000  28      
freq_divider/clk                                             NET DELAY           5.499                  5.499  28      
freq_divider/led2/CK                                         CLOCK PIN           0.000                  5.499  1       


Data Path
Name                                      Cell/Site Name     Delay Name       Incr      Arrival/Required Time  Fanout  
----------------------------------------  -----------------  ---------------  --------  ---------------------  ------  
freq_divider/led2/CK->freq_divider/led2/Q
                                          SLICE_R19C3C       CLK_TO_Q1_DELAY     1.388                  6.887  7       
freq_divider/select                                          NET DELAY           1.758                  8.645  7       
val0_c_1__I_0_3_lut/C->val0_c_1__I_0_3_lut/Z
                                          SLICE_R19C3A       D0_TO_F0_DELAY      0.449                  9.094  10      
decoder/current_val[1]                                       NET DELAY           3.371                 12.465  10      
decoder/i99_3_lut_4_lut_3_lut/B->decoder/i99_3_lut_4_lut_3_lut/Z
                                          SLICE_R17C2B       C1_TO_F1_DELAY      0.449                 12.914  1       
decoder/n215                                                 NET DELAY           2.168                 15.082  1       
i256_4_lut/A->i256_4_lut/Z                SLICE_R17C2C       D1_TO_F1_DELAY      0.449                 15.531  2       
n263                                                         NET DELAY           4.653                 20.184  2       
seg1_i0_i3/DO0                                               ENDPOINT            0.000                 20.184  1       


Destination Clock Path
Name                                      Cell/Site Name     Delay Name       Incr      Arrival/Required Time  Fanout  
----------------------------------------  -----------------  ---------------  --------  ---------------------  ------  
                                                             CONSTRAINT          0.000                 41.666  1       
hf_osc/CLKHF                              HFOSC_HFOSC_R1C32  CLOCK LATENCY       0.000                 41.666  28      
freq_divider/clk                                             NET DELAY           5.499                 47.165  28      
seg1_i0_i3/OUTCLK                                            CLOCK PIN           0.000                 47.165  1       
                                                             Uncertainty      -(0.000)                 47.165  
                                                             Setup time       -(0.202)                 46.963  
----------------------------------------  -----------------  ---------------  --------  ---------------------  ------  
Required Time                                                                                          46.963  
Arrival Time                                                                                        -(20.183)  
----------------------------------------  -----------------  ---------------  --------  ---------------------  ------  
Path Slack  (Passed)                                                                                   26.779  




++++ Path 8 ++++++++++++++++++++++++++++++++++++++++++++++++++++++++++ 

Path Begin       : freq_divider/counter_59__i1/Q  (SLICE_R18C6B)
Path End         : {freq_divider/counter_59__i17/SR   freq_divider/counter_59__i18/SR}  (SLICE_R18C8B)
Source Clock     : clk (R)
Destination Clock: clk (R)
Logic Level      : 9
Delay Ratio      : 62.8% (route), 37.2% (logic)
Clock Skew       : 0.000 ns 
Setup Constraint : 41.666 ns 
Path Slack       : 27.258 ns  (Passed)


Source Clock Path
Name                                      Cell/Site Name     Delay Name       Incr      Arrival/Required Time  Fanout  
----------------------------------------  -----------------  ---------------  --------  ---------------------  ------  
hf_osc/CLKHF                              HFOSC_HFOSC_R1C32  CLOCK LATENCY       0.000                  0.000  28      
freq_divider/clk                                             NET DELAY           5.499                  5.499  28      
{freq_divider/counter_59__i1/CK   freq_divider/counter_59__i2/CK}
                                                             CLOCK PIN           0.000                  5.499  1       


Data Path
Name                                      Cell/Site Name     Delay Name       Incr      Arrival/Required Time  Fanout  
----------------------------------------  -----------------  ---------------  --------  ---------------------  ------  
freq_divider/counter_59__i1/CK->freq_divider/counter_59__i1/Q
                                          SLICE_R18C6B       CLK_TO_Q0_DELAY     1.388                  6.887  2       
freq_divider/counter[1]                                      NET DELAY           2.141                  9.028  2       
freq_divider/i4_4_lut/B->freq_divider/i4_4_lut/Z
                                          SLICE_R19C7A       A0_TO_F0_DELAY      0.476                  9.504  1       
freq_divider/n10                                             NET DELAY           0.304                  9.808  1       
freq_divider/i1_4_lut_adj_1/C->freq_divider/i1_4_lut_adj_1/Z
                                          SLICE_R19C7A       C1_TO_F1_DELAY      0.476                 10.284  1       
freq_divider/n4_adj_53                                       NET DELAY           0.304                 10.588  1       
freq_divider/i2_4_lut_adj_2/D->freq_divider/i2_4_lut_adj_2/Z
                                          SLICE_R19C7B       C0_TO_F0_DELAY      0.476                 11.064  1       
freq_divider/n471                                            NET DELAY           0.304                 11.368  1       
freq_divider/i1_4_lut_adj_3/B->freq_divider/i1_4_lut_adj_3/Z
                                          SLICE_R19C7B       C1_TO_F1_DELAY      0.476                 11.844  1       
freq_divider/n4                                              NET DELAY           0.304                 12.148  1       
freq_divider/i1_4_lut/D->freq_divider/i1_4_lut/Z
                                          SLICE_R19C7C       C0_TO_F0_DELAY      0.476                 12.624  1       
freq_divider/n5                                              NET DELAY           0.304                 12.928  1       
freq_divider/i2_4_lut/C->freq_divider/i2_4_lut/Z
                                          SLICE_R19C7C       C1_TO_F1_DELAY      0.476                 13.404  1       
freq_divider/n468                                            NET DELAY           0.304                 13.708  1       
freq_divider/i45_4_lut/D->freq_divider/i45_4_lut/Z
                                          SLICE_R19C7D       C0_TO_F0_DELAY      0.476                 14.184  2       
freq_divider/n54                                             NET DELAY           0.304                 14.488  2       
freq_divider/i18_2_lut/A->freq_divider/i18_2_lut/Z
                                          SLICE_R19C7D       C1_TO_F1_DELAY      0.449                 14.937  12      
freq_divider/n110                                            NET DELAY           4.441                 19.378  12      
{freq_divider/counter_59__i17/SR   freq_divider/counter_59__i18/SR}
                                                             ENDPOINT            0.000                 19.378  1       


Destination Clock Path
Name                                      Cell/Site Name     Delay Name       Incr      Arrival/Required Time  Fanout  
----------------------------------------  -----------------  ---------------  --------  ---------------------  ------  
                                                             CONSTRAINT          0.000                 41.666  1       
hf_osc/CLKHF                              HFOSC_HFOSC_R1C32  CLOCK LATENCY       0.000                 41.666  28      
freq_divider/clk                                             NET DELAY           5.499                 47.165  28      
{freq_divider/counter_59__i17/CK   freq_divider/counter_59__i18/CK}
                                                             CLOCK PIN           0.000                 47.165  1       
                                                             Uncertainty      -(0.000)                 47.165  
                                                             Setup time       -(0.529)                 46.636  
----------------------------------------  -----------------  ---------------  --------  ---------------------  ------  
Required Time                                                                                          46.636  
Arrival Time                                                                                        -(19.377)  
----------------------------------------  -----------------  ---------------  --------  ---------------------  ------  
Path Slack  (Passed)                                                                                   27.258  




++++ Path 9 ++++++++++++++++++++++++++++++++++++++++++++++++++++++++++ 

Path Begin       : freq_divider/counter_59__i1/Q  (SLICE_R18C6B)
Path End         : {freq_divider/counter_59__i19/SR   freq_divider/counter_59__i20/SR}  (SLICE_R18C8C)
Source Clock     : clk (R)
Destination Clock: clk (R)
Logic Level      : 9
Delay Ratio      : 62.8% (route), 37.2% (logic)
Clock Skew       : 0.000 ns 
Setup Constraint : 41.666 ns 
Path Slack       : 27.258 ns  (Passed)


Source Clock Path
Name                                      Cell/Site Name     Delay Name       Incr      Arrival/Required Time  Fanout  
----------------------------------------  -----------------  ---------------  --------  ---------------------  ------  
hf_osc/CLKHF                              HFOSC_HFOSC_R1C32  CLOCK LATENCY       0.000                  0.000  28      
freq_divider/clk                                             NET DELAY           5.499                  5.499  28      
{freq_divider/counter_59__i1/CK   freq_divider/counter_59__i2/CK}
                                                             CLOCK PIN           0.000                  5.499  1       


Data Path
Name                                      Cell/Site Name     Delay Name       Incr      Arrival/Required Time  Fanout  
----------------------------------------  -----------------  ---------------  --------  ---------------------  ------  
freq_divider/counter_59__i1/CK->freq_divider/counter_59__i1/Q
                                          SLICE_R18C6B       CLK_TO_Q0_DELAY     1.388                  6.887  2       
freq_divider/counter[1]                                      NET DELAY           2.141                  9.028  2       
freq_divider/i4_4_lut/B->freq_divider/i4_4_lut/Z
                                          SLICE_R19C7A       A0_TO_F0_DELAY      0.476                  9.504  1       
freq_divider/n10                                             NET DELAY           0.304                  9.808  1       
freq_divider/i1_4_lut_adj_1/C->freq_divider/i1_4_lut_adj_1/Z
                                          SLICE_R19C7A       C1_TO_F1_DELAY      0.476                 10.284  1       
freq_divider/n4_adj_53                                       NET DELAY           0.304                 10.588  1       
freq_divider/i2_4_lut_adj_2/D->freq_divider/i2_4_lut_adj_2/Z
                                          SLICE_R19C7B       C0_TO_F0_DELAY      0.476                 11.064  1       
freq_divider/n471                                            NET DELAY           0.304                 11.368  1       
freq_divider/i1_4_lut_adj_3/B->freq_divider/i1_4_lut_adj_3/Z
                                          SLICE_R19C7B       C1_TO_F1_DELAY      0.476                 11.844  1       
freq_divider/n4                                              NET DELAY           0.304                 12.148  1       
freq_divider/i1_4_lut/D->freq_divider/i1_4_lut/Z
                                          SLICE_R19C7C       C0_TO_F0_DELAY      0.476                 12.624  1       
freq_divider/n5                                              NET DELAY           0.304                 12.928  1       
freq_divider/i2_4_lut/C->freq_divider/i2_4_lut/Z
                                          SLICE_R19C7C       C1_TO_F1_DELAY      0.476                 13.404  1       
freq_divider/n468                                            NET DELAY           0.304                 13.708  1       
freq_divider/i45_4_lut/D->freq_divider/i45_4_lut/Z
                                          SLICE_R19C7D       C0_TO_F0_DELAY      0.476                 14.184  2       
freq_divider/n54                                             NET DELAY           0.304                 14.488  2       
freq_divider/i18_2_lut/A->freq_divider/i18_2_lut/Z
                                          SLICE_R19C7D       C1_TO_F1_DELAY      0.449                 14.937  12      
freq_divider/n110                                            NET DELAY           4.441                 19.378  12      
{freq_divider/counter_59__i19/SR   freq_divider/counter_59__i20/SR}
                                                             ENDPOINT            0.000                 19.378  1       


Destination Clock Path
Name                                      Cell/Site Name     Delay Name       Incr      Arrival/Required Time  Fanout  
----------------------------------------  -----------------  ---------------  --------  ---------------------  ------  
                                                             CONSTRAINT          0.000                 41.666  1       
hf_osc/CLKHF                              HFOSC_HFOSC_R1C32  CLOCK LATENCY       0.000                 41.666  28      
freq_divider/clk                                             NET DELAY           5.499                 47.165  28      
{freq_divider/counter_59__i19/CK   freq_divider/counter_59__i20/CK}
                                                             CLOCK PIN           0.000                 47.165  1       
                                                             Uncertainty      -(0.000)                 47.165  
                                                             Setup time       -(0.529)                 46.636  
----------------------------------------  -----------------  ---------------  --------  ---------------------  ------  
Required Time                                                                                          46.636  
Arrival Time                                                                                        -(19.377)  
----------------------------------------  -----------------  ---------------  --------  ---------------------  ------  
Path Slack  (Passed)                                                                                   27.258  




++++ Path 10 ++++++++++++++++++++++++++++++++++++++++++++++++++++++++++ 

Path Begin       : freq_divider/counter_59__i1/Q  (SLICE_R18C6B)
Path End         : {freq_divider/counter_59__i21/SR   freq_divider/counter_59__i22/SR}  (SLICE_R18C8D)
Source Clock     : clk (R)
Destination Clock: clk (R)
Logic Level      : 9
Delay Ratio      : 62.8% (route), 37.2% (logic)
Clock Skew       : 0.000 ns 
Setup Constraint : 41.666 ns 
Path Slack       : 27.258 ns  (Passed)


Source Clock Path
Name                                      Cell/Site Name     Delay Name       Incr      Arrival/Required Time  Fanout  
----------------------------------------  -----------------  ---------------  --------  ---------------------  ------  
hf_osc/CLKHF                              HFOSC_HFOSC_R1C32  CLOCK LATENCY       0.000                  0.000  28      
freq_divider/clk                                             NET DELAY           5.499                  5.499  28      
{freq_divider/counter_59__i1/CK   freq_divider/counter_59__i2/CK}
                                                             CLOCK PIN           0.000                  5.499  1       


Data Path
Name                                      Cell/Site Name     Delay Name       Incr      Arrival/Required Time  Fanout  
----------------------------------------  -----------------  ---------------  --------  ---------------------  ------  
freq_divider/counter_59__i1/CK->freq_divider/counter_59__i1/Q
                                          SLICE_R18C6B       CLK_TO_Q0_DELAY     1.388                  6.887  2       
freq_divider/counter[1]                                      NET DELAY           2.141                  9.028  2       
freq_divider/i4_4_lut/B->freq_divider/i4_4_lut/Z
                                          SLICE_R19C7A       A0_TO_F0_DELAY      0.476                  9.504  1       
freq_divider/n10                                             NET DELAY           0.304                  9.808  1       
freq_divider/i1_4_lut_adj_1/C->freq_divider/i1_4_lut_adj_1/Z
                                          SLICE_R19C7A       C1_TO_F1_DELAY      0.476                 10.284  1       
freq_divider/n4_adj_53                                       NET DELAY           0.304                 10.588  1       
freq_divider/i2_4_lut_adj_2/D->freq_divider/i2_4_lut_adj_2/Z
                                          SLICE_R19C7B       C0_TO_F0_DELAY      0.476                 11.064  1       
freq_divider/n471                                            NET DELAY           0.304                 11.368  1       
freq_divider/i1_4_lut_adj_3/B->freq_divider/i1_4_lut_adj_3/Z
                                          SLICE_R19C7B       C1_TO_F1_DELAY      0.476                 11.844  1       
freq_divider/n4                                              NET DELAY           0.304                 12.148  1       
freq_divider/i1_4_lut/D->freq_divider/i1_4_lut/Z
                                          SLICE_R19C7C       C0_TO_F0_DELAY      0.476                 12.624  1       
freq_divider/n5                                              NET DELAY           0.304                 12.928  1       
freq_divider/i2_4_lut/C->freq_divider/i2_4_lut/Z
                                          SLICE_R19C7C       C1_TO_F1_DELAY      0.476                 13.404  1       
freq_divider/n468                                            NET DELAY           0.304                 13.708  1       
freq_divider/i45_4_lut/D->freq_divider/i45_4_lut/Z
                                          SLICE_R19C7D       C0_TO_F0_DELAY      0.476                 14.184  2       
freq_divider/n54                                             NET DELAY           0.304                 14.488  2       
freq_divider/i18_2_lut/A->freq_divider/i18_2_lut/Z
                                          SLICE_R19C7D       C1_TO_F1_DELAY      0.449                 14.937  12      
freq_divider/n110                                            NET DELAY           4.441                 19.378  12      
{freq_divider/counter_59__i21/SR   freq_divider/counter_59__i22/SR}
                                                             ENDPOINT            0.000                 19.378  1       


Destination Clock Path
Name                                      Cell/Site Name     Delay Name       Incr      Arrival/Required Time  Fanout  
----------------------------------------  -----------------  ---------------  --------  ---------------------  ------  
                                                             CONSTRAINT          0.000                 41.666  1       
hf_osc/CLKHF                              HFOSC_HFOSC_R1C32  CLOCK LATENCY       0.000                 41.666  28      
freq_divider/clk                                             NET DELAY           5.499                 47.165  28      
{freq_divider/counter_59__i21/CK   freq_divider/counter_59__i22/CK}
                                                             CLOCK PIN           0.000                 47.165  1       
                                                             Uncertainty      -(0.000)                 47.165  
                                                             Setup time       -(0.529)                 46.636  
----------------------------------------  -----------------  ---------------  --------  ---------------------  ------  
Required Time                                                                                          46.636  
Arrival Time                                                                                        -(19.377)  
----------------------------------------  -----------------  ---------------  --------  ---------------------  ------  
Path Slack  (Passed)                                                                                   27.258  



+++++++++++++++++++++++++++++++++++++++++++++++++++++++++++++++++++++ 
                    End of Detailed Report for timing paths 
+++++++++++++++++++++++++++++++++++++++++++++++++++++++++++++++++++++ 


##########################################################



===============================================================
3  Hold at Speed Grade m Corner at -40 Degrees
===============================================================

3.1  Endpoint slacks
=======================
-------------------------------------------------------
          Listing 10 End Points          |    Slack    
-------------------------------------------------------
freq_divider/counter_59__i13/D           |    1.913 ns 
freq_divider/counter_59__i14/D           |    1.913 ns 
freq_divider/counter_59__i15/D           |    1.913 ns 
freq_divider/counter_59__i16/D           |    1.913 ns 
freq_divider/counter_59__i17/D           |    1.913 ns 
freq_divider/counter_59__i18/D           |    1.913 ns 
freq_divider/counter_59__i19/D           |    1.913 ns 
freq_divider/counter_59__i20/D           |    1.913 ns 
freq_divider/counter_59__i21/D           |    1.913 ns 
freq_divider/counter_59__i22/D           |    1.913 ns 
-------------------------------------------------------
                                         |             
Hold # of endpoints with negative slack: |           0 
                                         |             
-------------------------------------------------------

3.2  Detailed Report
=======================


XXXXXXXXXXXXXXXXXXXXXXXXXXXXXXXXXXXXXXXXXXXXXXXXXXXXXXXXXX

Detail report of critical paths

XXXXXXXXXXXXXXXXXXXXXXXXXXXXXXXXXXXXXXXXXXXXXXXXXXXXXXXXXX

+++++++++++++++++++++++++++++++++++++++++++++++++++++++++++++++++++++ 
                    Detailed Report for timing paths 
+++++++++++++++++++++++++++++++++++++++++++++++++++++++++++++++++++++ 

++++ Path 1 ++++++++++++++++++++++++++++++++++++++++++++++++++++++++++ 

Path Begin       : freq_divider/counter_59__i13/Q  (SLICE_R18C7D)
Path End         : freq_divider/counter_59__i13/D  (SLICE_R18C7D)
Source Clock     : clk (R)
Destination Clock: clk (R)
Logic Level      : 2
Delay Ratio      : 46.1% (route), 53.9% (logic)
Clock Skew       : 0.000 ns 
Hold Constraint  : 0.000 ns 
Path Slack       : 1.913 ns  (Passed)


Source Clock Path
Name                                      Cell/Site Name     Delay Name       Incr   Arrival/Required Time  Fanout  
----------------------------------------  -----------------  ---------------  -----  ---------------------  ------  
hf_osc/CLKHF                              HFOSC_HFOSC_R1C32  CLOCK LATENCY    0.000                  0.000  29      
freq_divider/clk                                             NET DELAY        3.084                  3.084  29      
{freq_divider/counter_59__i13/CK   freq_divider/counter_59__i14/CK}
                                                             CLOCK PIN        0.000                  3.084  1       


Data Path
Name                                      Cell/Site Name     Delay Name       Incr   Arrival/Required Time  Fanout  
----------------------------------------  -----------------  ---------------  -----  ---------------------  ------  
freq_divider/counter_59__i13/CK->freq_divider/counter_59__i13/Q
                                          SLICE_R18C7D       CLK_TO_Q0_DELAY  0.779                  3.863  2       
freq_divider/counter[13]                                     NET DELAY        0.882                  4.745  2       
freq_divider/counter_59_add_4_15/C0->freq_divider/counter_59_add_4_15/S0
                                          SLICE_R18C7D       C0_TO_F0_DELAY   0.252                  4.997  1       
freq_divider/n97[13]                                         NET DELAY        0.000                  4.997  1       
freq_divider/counter_59__i13/D                               ENDPOINT         0.000                  4.997  1       


Destination Clock Path
Name                                      Cell/Site Name     Delay Name       Incr   Arrival/Required Time  Fanout  
----------------------------------------  -----------------  ---------------  -----  ---------------------  ------  
                                                             CONSTRAINT       0.000                  0.000  1       
hf_osc/CLKHF                              HFOSC_HFOSC_R1C32  CLOCK LATENCY    0.000                  0.000  29      
freq_divider/clk                                             NET DELAY        3.084                  3.084  29      
{freq_divider/counter_59__i13/CK   freq_divider/counter_59__i14/CK}
                                                             CLOCK PIN        0.000                  3.084  1       
                                                             Uncertainty      0.000                  3.084  
                                                             Hold time        0.000                  3.084  
----------------------------------------  -----------------  ---------------  -----  ---------------------  ------  
Required Time                                                                                       -3.084  
Arrival Time                                                                                         4.997  
----------------------------------------  -----------------  ---------------  -----  ---------------------  ------  
Path Slack  (Passed)                                                                                 1.913  




++++ Path 2 ++++++++++++++++++++++++++++++++++++++++++++++++++++++++++ 

Path Begin       : freq_divider/counter_59__i14/Q  (SLICE_R18C7D)
Path End         : freq_divider/counter_59__i14/D  (SLICE_R18C7D)
Source Clock     : clk (R)
Destination Clock: clk (R)
Logic Level      : 2
Delay Ratio      : 46.1% (route), 53.9% (logic)
Clock Skew       : 0.000 ns 
Hold Constraint  : 0.000 ns 
Path Slack       : 1.913 ns  (Passed)


Source Clock Path
Name                                      Cell/Site Name     Delay Name       Incr   Arrival/Required Time  Fanout  
----------------------------------------  -----------------  ---------------  -----  ---------------------  ------  
hf_osc/CLKHF                              HFOSC_HFOSC_R1C32  CLOCK LATENCY    0.000                  0.000  29      
freq_divider/clk                                             NET DELAY        3.084                  3.084  29      
{freq_divider/counter_59__i13/CK   freq_divider/counter_59__i14/CK}
                                                             CLOCK PIN        0.000                  3.084  1       


Data Path
Name                                      Cell/Site Name     Delay Name       Incr   Arrival/Required Time  Fanout  
----------------------------------------  -----------------  ---------------  -----  ---------------------  ------  
freq_divider/counter_59__i14/CK->freq_divider/counter_59__i14/Q
                                          SLICE_R18C7D       CLK_TO_Q1_DELAY  0.779                  3.863  2       
freq_divider/counter[14]                                     NET DELAY        0.882                  4.745  2       
freq_divider/counter_59_add_4_15/C1->freq_divider/counter_59_add_4_15/S1
                                          SLICE_R18C7D       C1_TO_F1_DELAY   0.252                  4.997  1       
freq_divider/n97[14]                                         NET DELAY        0.000                  4.997  1       
freq_divider/counter_59__i14/D                               ENDPOINT         0.000                  4.997  1       


Destination Clock Path
Name                                      Cell/Site Name     Delay Name       Incr   Arrival/Required Time  Fanout  
----------------------------------------  -----------------  ---------------  -----  ---------------------  ------  
                                                             CONSTRAINT       0.000                  0.000  1       
hf_osc/CLKHF                              HFOSC_HFOSC_R1C32  CLOCK LATENCY    0.000                  0.000  29      
freq_divider/clk                                             NET DELAY        3.084                  3.084  29      
{freq_divider/counter_59__i13/CK   freq_divider/counter_59__i14/CK}
                                                             CLOCK PIN        0.000                  3.084  1       
                                                             Uncertainty      0.000                  3.084  
                                                             Hold time        0.000                  3.084  
----------------------------------------  -----------------  ---------------  -----  ---------------------  ------  
Required Time                                                                                       -3.084  
Arrival Time                                                                                         4.997  
----------------------------------------  -----------------  ---------------  -----  ---------------------  ------  
Path Slack  (Passed)                                                                                 1.913  




++++ Path 3 ++++++++++++++++++++++++++++++++++++++++++++++++++++++++++ 

Path Begin       : freq_divider/counter_59__i15/Q  (SLICE_R18C8A)
Path End         : freq_divider/counter_59__i15/D  (SLICE_R18C8A)
Source Clock     : clk (R)
Destination Clock: clk (R)
Logic Level      : 2
Delay Ratio      : 46.1% (route), 53.9% (logic)
Clock Skew       : 0.000 ns 
Hold Constraint  : 0.000 ns 
Path Slack       : 1.913 ns  (Passed)


Source Clock Path
Name                                      Cell/Site Name     Delay Name       Incr   Arrival/Required Time  Fanout  
----------------------------------------  -----------------  ---------------  -----  ---------------------  ------  
hf_osc/CLKHF                              HFOSC_HFOSC_R1C32  CLOCK LATENCY    0.000                  0.000  29      
freq_divider/clk                                             NET DELAY        3.084                  3.084  29      
{freq_divider/counter_59__i15/CK   freq_divider/counter_59__i16/CK}
                                                             CLOCK PIN        0.000                  3.084  1       


Data Path
Name                                      Cell/Site Name     Delay Name       Incr   Arrival/Required Time  Fanout  
----------------------------------------  -----------------  ---------------  -----  ---------------------  ------  
freq_divider/counter_59__i15/CK->freq_divider/counter_59__i15/Q
                                          SLICE_R18C8A       CLK_TO_Q0_DELAY  0.779                  3.863  2       
freq_divider/counter[15]                                     NET DELAY        0.882                  4.745  2       
freq_divider/counter_59_add_4_17/C0->freq_divider/counter_59_add_4_17/S0
                                          SLICE_R18C8A       C0_TO_F0_DELAY   0.252                  4.997  1       
freq_divider/n97[15]                                         NET DELAY        0.000                  4.997  1       
freq_divider/counter_59__i15/D                               ENDPOINT         0.000                  4.997  1       


Destination Clock Path
Name                                      Cell/Site Name     Delay Name       Incr   Arrival/Required Time  Fanout  
----------------------------------------  -----------------  ---------------  -----  ---------------------  ------  
                                                             CONSTRAINT       0.000                  0.000  1       
hf_osc/CLKHF                              HFOSC_HFOSC_R1C32  CLOCK LATENCY    0.000                  0.000  29      
freq_divider/clk                                             NET DELAY        3.084                  3.084  29      
{freq_divider/counter_59__i15/CK   freq_divider/counter_59__i16/CK}
                                                             CLOCK PIN        0.000                  3.084  1       
                                                             Uncertainty      0.000                  3.084  
                                                             Hold time        0.000                  3.084  
----------------------------------------  -----------------  ---------------  -----  ---------------------  ------  
Required Time                                                                                       -3.084  
Arrival Time                                                                                         4.997  
----------------------------------------  -----------------  ---------------  -----  ---------------------  ------  
Path Slack  (Passed)                                                                                 1.913  




++++ Path 4 ++++++++++++++++++++++++++++++++++++++++++++++++++++++++++ 

Path Begin       : freq_divider/counter_59__i16/Q  (SLICE_R18C8A)
Path End         : freq_divider/counter_59__i16/D  (SLICE_R18C8A)
Source Clock     : clk (R)
Destination Clock: clk (R)
Logic Level      : 2
Delay Ratio      : 46.1% (route), 53.9% (logic)
Clock Skew       : 0.000 ns 
Hold Constraint  : 0.000 ns 
Path Slack       : 1.913 ns  (Passed)


Source Clock Path
Name                                      Cell/Site Name     Delay Name       Incr   Arrival/Required Time  Fanout  
----------------------------------------  -----------------  ---------------  -----  ---------------------  ------  
hf_osc/CLKHF                              HFOSC_HFOSC_R1C32  CLOCK LATENCY    0.000                  0.000  29      
freq_divider/clk                                             NET DELAY        3.084                  3.084  29      
{freq_divider/counter_59__i15/CK   freq_divider/counter_59__i16/CK}
                                                             CLOCK PIN        0.000                  3.084  1       


Data Path
Name                                      Cell/Site Name     Delay Name       Incr   Arrival/Required Time  Fanout  
----------------------------------------  -----------------  ---------------  -----  ---------------------  ------  
freq_divider/counter_59__i16/CK->freq_divider/counter_59__i16/Q
                                          SLICE_R18C8A       CLK_TO_Q1_DELAY  0.779                  3.863  2       
freq_divider/counter[16]                                     NET DELAY        0.882                  4.745  2       
freq_divider/counter_59_add_4_17/C1->freq_divider/counter_59_add_4_17/S1
                                          SLICE_R18C8A       C1_TO_F1_DELAY   0.252                  4.997  1       
freq_divider/n97[16]                                         NET DELAY        0.000                  4.997  1       
freq_divider/counter_59__i16/D                               ENDPOINT         0.000                  4.997  1       


Destination Clock Path
Name                                      Cell/Site Name     Delay Name       Incr   Arrival/Required Time  Fanout  
----------------------------------------  -----------------  ---------------  -----  ---------------------  ------  
                                                             CONSTRAINT       0.000                  0.000  1       
hf_osc/CLKHF                              HFOSC_HFOSC_R1C32  CLOCK LATENCY    0.000                  0.000  29      
freq_divider/clk                                             NET DELAY        3.084                  3.084  29      
{freq_divider/counter_59__i15/CK   freq_divider/counter_59__i16/CK}
                                                             CLOCK PIN        0.000                  3.084  1       
                                                             Uncertainty      0.000                  3.084  
                                                             Hold time        0.000                  3.084  
----------------------------------------  -----------------  ---------------  -----  ---------------------  ------  
Required Time                                                                                       -3.084  
Arrival Time                                                                                         4.997  
----------------------------------------  -----------------  ---------------  -----  ---------------------  ------  
Path Slack  (Passed)                                                                                 1.913  




++++ Path 5 ++++++++++++++++++++++++++++++++++++++++++++++++++++++++++ 

Path Begin       : freq_divider/counter_59__i17/Q  (SLICE_R18C8B)
Path End         : freq_divider/counter_59__i17/D  (SLICE_R18C8B)
Source Clock     : clk (R)
Destination Clock: clk (R)
Logic Level      : 2
Delay Ratio      : 46.1% (route), 53.9% (logic)
Clock Skew       : 0.000 ns 
Hold Constraint  : 0.000 ns 
Path Slack       : 1.913 ns  (Passed)


Source Clock Path
Name                                      Cell/Site Name     Delay Name       Incr   Arrival/Required Time  Fanout  
----------------------------------------  -----------------  ---------------  -----  ---------------------  ------  
hf_osc/CLKHF                              HFOSC_HFOSC_R1C32  CLOCK LATENCY    0.000                  0.000  29      
freq_divider/clk                                             NET DELAY        3.084                  3.084  29      
{freq_divider/counter_59__i17/CK   freq_divider/counter_59__i18/CK}
                                                             CLOCK PIN        0.000                  3.084  1       


Data Path
Name                                      Cell/Site Name     Delay Name       Incr   Arrival/Required Time  Fanout  
----------------------------------------  -----------------  ---------------  -----  ---------------------  ------  
freq_divider/counter_59__i17/CK->freq_divider/counter_59__i17/Q
                                          SLICE_R18C8B       CLK_TO_Q0_DELAY  0.779                  3.863  2       
freq_divider/counter[17]                                     NET DELAY        0.882                  4.745  2       
freq_divider/counter_59_add_4_19/C0->freq_divider/counter_59_add_4_19/S0
                                          SLICE_R18C8B       C0_TO_F0_DELAY   0.252                  4.997  1       
freq_divider/n97[17]                                         NET DELAY        0.000                  4.997  1       
freq_divider/counter_59__i17/D                               ENDPOINT         0.000                  4.997  1       


Destination Clock Path
Name                                      Cell/Site Name     Delay Name       Incr   Arrival/Required Time  Fanout  
----------------------------------------  -----------------  ---------------  -----  ---------------------  ------  
                                                             CONSTRAINT       0.000                  0.000  1       
hf_osc/CLKHF                              HFOSC_HFOSC_R1C32  CLOCK LATENCY    0.000                  0.000  29      
freq_divider/clk                                             NET DELAY        3.084                  3.084  29      
{freq_divider/counter_59__i17/CK   freq_divider/counter_59__i18/CK}
                                                             CLOCK PIN        0.000                  3.084  1       
                                                             Uncertainty      0.000                  3.084  
                                                             Hold time        0.000                  3.084  
----------------------------------------  -----------------  ---------------  -----  ---------------------  ------  
Required Time                                                                                       -3.084  
Arrival Time                                                                                         4.997  
----------------------------------------  -----------------  ---------------  -----  ---------------------  ------  
Path Slack  (Passed)                                                                                 1.913  




++++ Path 6 ++++++++++++++++++++++++++++++++++++++++++++++++++++++++++ 

Path Begin       : freq_divider/counter_59__i18/Q  (SLICE_R18C8B)
Path End         : freq_divider/counter_59__i18/D  (SLICE_R18C8B)
Source Clock     : clk (R)
Destination Clock: clk (R)
Logic Level      : 2
Delay Ratio      : 46.1% (route), 53.9% (logic)
Clock Skew       : 0.000 ns 
Hold Constraint  : 0.000 ns 
Path Slack       : 1.913 ns  (Passed)


Source Clock Path
Name                                      Cell/Site Name     Delay Name       Incr   Arrival/Required Time  Fanout  
----------------------------------------  -----------------  ---------------  -----  ---------------------  ------  
hf_osc/CLKHF                              HFOSC_HFOSC_R1C32  CLOCK LATENCY    0.000                  0.000  29      
freq_divider/clk                                             NET DELAY        3.084                  3.084  29      
{freq_divider/counter_59__i17/CK   freq_divider/counter_59__i18/CK}
                                                             CLOCK PIN        0.000                  3.084  1       


Data Path
Name                                      Cell/Site Name     Delay Name       Incr   Arrival/Required Time  Fanout  
----------------------------------------  -----------------  ---------------  -----  ---------------------  ------  
freq_divider/counter_59__i18/CK->freq_divider/counter_59__i18/Q
                                          SLICE_R18C8B       CLK_TO_Q1_DELAY  0.779                  3.863  2       
freq_divider/counter[18]                                     NET DELAY        0.882                  4.745  2       
freq_divider/counter_59_add_4_19/C1->freq_divider/counter_59_add_4_19/S1
                                          SLICE_R18C8B       C1_TO_F1_DELAY   0.252                  4.997  1       
freq_divider/n97[18]                                         NET DELAY        0.000                  4.997  1       
freq_divider/counter_59__i18/D                               ENDPOINT         0.000                  4.997  1       


Destination Clock Path
Name                                      Cell/Site Name     Delay Name       Incr   Arrival/Required Time  Fanout  
----------------------------------------  -----------------  ---------------  -----  ---------------------  ------  
                                                             CONSTRAINT       0.000                  0.000  1       
hf_osc/CLKHF                              HFOSC_HFOSC_R1C32  CLOCK LATENCY    0.000                  0.000  29      
freq_divider/clk                                             NET DELAY        3.084                  3.084  29      
{freq_divider/counter_59__i17/CK   freq_divider/counter_59__i18/CK}
                                                             CLOCK PIN        0.000                  3.084  1       
                                                             Uncertainty      0.000                  3.084  
                                                             Hold time        0.000                  3.084  
----------------------------------------  -----------------  ---------------  -----  ---------------------  ------  
Required Time                                                                                       -3.084  
Arrival Time                                                                                         4.997  
----------------------------------------  -----------------  ---------------  -----  ---------------------  ------  
Path Slack  (Passed)                                                                                 1.913  




++++ Path 7 ++++++++++++++++++++++++++++++++++++++++++++++++++++++++++ 

Path Begin       : freq_divider/counter_59__i19/Q  (SLICE_R18C8C)
Path End         : freq_divider/counter_59__i19/D  (SLICE_R18C8C)
Source Clock     : clk (R)
Destination Clock: clk (R)
Logic Level      : 2
Delay Ratio      : 46.1% (route), 53.9% (logic)
Clock Skew       : 0.000 ns 
Hold Constraint  : 0.000 ns 
Path Slack       : 1.913 ns  (Passed)


Source Clock Path
Name                                      Cell/Site Name     Delay Name       Incr   Arrival/Required Time  Fanout  
----------------------------------------  -----------------  ---------------  -----  ---------------------  ------  
hf_osc/CLKHF                              HFOSC_HFOSC_R1C32  CLOCK LATENCY    0.000                  0.000  29      
freq_divider/clk                                             NET DELAY        3.084                  3.084  29      
{freq_divider/counter_59__i19/CK   freq_divider/counter_59__i20/CK}
                                                             CLOCK PIN        0.000                  3.084  1       


Data Path
Name                                      Cell/Site Name     Delay Name       Incr   Arrival/Required Time  Fanout  
----------------------------------------  -----------------  ---------------  -----  ---------------------  ------  
freq_divider/counter_59__i19/CK->freq_divider/counter_59__i19/Q
                                          SLICE_R18C8C       CLK_TO_Q0_DELAY  0.779                  3.863  2       
freq_divider/counter[19]                                     NET DELAY        0.882                  4.745  2       
freq_divider/counter_59_add_4_21/C0->freq_divider/counter_59_add_4_21/S0
                                          SLICE_R18C8C       C0_TO_F0_DELAY   0.252                  4.997  1       
freq_divider/n97[19]                                         NET DELAY        0.000                  4.997  1       
freq_divider/counter_59__i19/D                               ENDPOINT         0.000                  4.997  1       


Destination Clock Path
Name                                      Cell/Site Name     Delay Name       Incr   Arrival/Required Time  Fanout  
----------------------------------------  -----------------  ---------------  -----  ---------------------  ------  
                                                             CONSTRAINT       0.000                  0.000  1       
hf_osc/CLKHF                              HFOSC_HFOSC_R1C32  CLOCK LATENCY    0.000                  0.000  29      
freq_divider/clk                                             NET DELAY        3.084                  3.084  29      
{freq_divider/counter_59__i19/CK   freq_divider/counter_59__i20/CK}
                                                             CLOCK PIN        0.000                  3.084  1       
                                                             Uncertainty      0.000                  3.084  
                                                             Hold time        0.000                  3.084  
----------------------------------------  -----------------  ---------------  -----  ---------------------  ------  
Required Time                                                                                       -3.084  
Arrival Time                                                                                         4.997  
----------------------------------------  -----------------  ---------------  -----  ---------------------  ------  
Path Slack  (Passed)                                                                                 1.913  




++++ Path 8 ++++++++++++++++++++++++++++++++++++++++++++++++++++++++++ 

Path Begin       : freq_divider/counter_59__i20/Q  (SLICE_R18C8C)
Path End         : freq_divider/counter_59__i20/D  (SLICE_R18C8C)
Source Clock     : clk (R)
Destination Clock: clk (R)
Logic Level      : 2
Delay Ratio      : 46.1% (route), 53.9% (logic)
Clock Skew       : 0.000 ns 
Hold Constraint  : 0.000 ns 
Path Slack       : 1.913 ns  (Passed)


Source Clock Path
Name                                      Cell/Site Name     Delay Name       Incr   Arrival/Required Time  Fanout  
----------------------------------------  -----------------  ---------------  -----  ---------------------  ------  
hf_osc/CLKHF                              HFOSC_HFOSC_R1C32  CLOCK LATENCY    0.000                  0.000  29      
freq_divider/clk                                             NET DELAY        3.084                  3.084  29      
{freq_divider/counter_59__i19/CK   freq_divider/counter_59__i20/CK}
                                                             CLOCK PIN        0.000                  3.084  1       


Data Path
Name                                      Cell/Site Name     Delay Name       Incr   Arrival/Required Time  Fanout  
----------------------------------------  -----------------  ---------------  -----  ---------------------  ------  
freq_divider/counter_59__i20/CK->freq_divider/counter_59__i20/Q
                                          SLICE_R18C8C       CLK_TO_Q1_DELAY  0.779                  3.863  2       
freq_divider/counter[20]                                     NET DELAY        0.882                  4.745  2       
freq_divider/counter_59_add_4_21/C1->freq_divider/counter_59_add_4_21/S1
                                          SLICE_R18C8C       C1_TO_F1_DELAY   0.252                  4.997  1       
freq_divider/n97[20]                                         NET DELAY        0.000                  4.997  1       
freq_divider/counter_59__i20/D                               ENDPOINT         0.000                  4.997  1       


Destination Clock Path
Name                                      Cell/Site Name     Delay Name       Incr   Arrival/Required Time  Fanout  
----------------------------------------  -----------------  ---------------  -----  ---------------------  ------  
                                                             CONSTRAINT       0.000                  0.000  1       
hf_osc/CLKHF                              HFOSC_HFOSC_R1C32  CLOCK LATENCY    0.000                  0.000  29      
freq_divider/clk                                             NET DELAY        3.084                  3.084  29      
{freq_divider/counter_59__i19/CK   freq_divider/counter_59__i20/CK}
                                                             CLOCK PIN        0.000                  3.084  1       
                                                             Uncertainty      0.000                  3.084  
                                                             Hold time        0.000                  3.084  
----------------------------------------  -----------------  ---------------  -----  ---------------------  ------  
Required Time                                                                                       -3.084  
Arrival Time                                                                                         4.997  
----------------------------------------  -----------------  ---------------  -----  ---------------------  ------  
Path Slack  (Passed)                                                                                 1.913  




++++ Path 9 ++++++++++++++++++++++++++++++++++++++++++++++++++++++++++ 

Path Begin       : freq_divider/counter_59__i21/Q  (SLICE_R18C8D)
Path End         : freq_divider/counter_59__i21/D  (SLICE_R18C8D)
Source Clock     : clk (R)
Destination Clock: clk (R)
Logic Level      : 2
Delay Ratio      : 46.1% (route), 53.9% (logic)
Clock Skew       : 0.000 ns 
Hold Constraint  : 0.000 ns 
Path Slack       : 1.913 ns  (Passed)


Source Clock Path
Name                                      Cell/Site Name     Delay Name       Incr   Arrival/Required Time  Fanout  
----------------------------------------  -----------------  ---------------  -----  ---------------------  ------  
hf_osc/CLKHF                              HFOSC_HFOSC_R1C32  CLOCK LATENCY    0.000                  0.000  29      
freq_divider/clk                                             NET DELAY        3.084                  3.084  29      
{freq_divider/counter_59__i21/CK   freq_divider/counter_59__i22/CK}
                                                             CLOCK PIN        0.000                  3.084  1       


Data Path
Name                                      Cell/Site Name     Delay Name       Incr   Arrival/Required Time  Fanout  
----------------------------------------  -----------------  ---------------  -----  ---------------------  ------  
freq_divider/counter_59__i21/CK->freq_divider/counter_59__i21/Q
                                          SLICE_R18C8D       CLK_TO_Q0_DELAY  0.779                  3.863  2       
freq_divider/counter[21]                                     NET DELAY        0.882                  4.745  2       
freq_divider/counter_59_add_4_23/C0->freq_divider/counter_59_add_4_23/S0
                                          SLICE_R18C8D       C0_TO_F0_DELAY   0.252                  4.997  1       
freq_divider/n97[21]                                         NET DELAY        0.000                  4.997  1       
freq_divider/counter_59__i21/D                               ENDPOINT         0.000                  4.997  1       


Destination Clock Path
Name                                      Cell/Site Name     Delay Name       Incr   Arrival/Required Time  Fanout  
----------------------------------------  -----------------  ---------------  -----  ---------------------  ------  
                                                             CONSTRAINT       0.000                  0.000  1       
hf_osc/CLKHF                              HFOSC_HFOSC_R1C32  CLOCK LATENCY    0.000                  0.000  29      
freq_divider/clk                                             NET DELAY        3.084                  3.084  29      
{freq_divider/counter_59__i21/CK   freq_divider/counter_59__i22/CK}
                                                             CLOCK PIN        0.000                  3.084  1       
                                                             Uncertainty      0.000                  3.084  
                                                             Hold time        0.000                  3.084  
----------------------------------------  -----------------  ---------------  -----  ---------------------  ------  
Required Time                                                                                       -3.084  
Arrival Time                                                                                         4.997  
----------------------------------------  -----------------  ---------------  -----  ---------------------  ------  
Path Slack  (Passed)                                                                                 1.913  




++++ Path 10 ++++++++++++++++++++++++++++++++++++++++++++++++++++++++++ 

Path Begin       : freq_divider/counter_59__i22/Q  (SLICE_R18C8D)
Path End         : freq_divider/counter_59__i22/D  (SLICE_R18C8D)
Source Clock     : clk (R)
Destination Clock: clk (R)
Logic Level      : 2
Delay Ratio      : 46.1% (route), 53.9% (logic)
Clock Skew       : 0.000 ns 
Hold Constraint  : 0.000 ns 
Path Slack       : 1.913 ns  (Passed)


Source Clock Path
Name                                      Cell/Site Name     Delay Name       Incr   Arrival/Required Time  Fanout  
----------------------------------------  -----------------  ---------------  -----  ---------------------  ------  
hf_osc/CLKHF                              HFOSC_HFOSC_R1C32  CLOCK LATENCY    0.000                  0.000  29      
freq_divider/clk                                             NET DELAY        3.084                  3.084  29      
{freq_divider/counter_59__i21/CK   freq_divider/counter_59__i22/CK}
                                                             CLOCK PIN        0.000                  3.084  1       


Data Path
Name                                      Cell/Site Name     Delay Name       Incr   Arrival/Required Time  Fanout  
----------------------------------------  -----------------  ---------------  -----  ---------------------  ------  
freq_divider/counter_59__i22/CK->freq_divider/counter_59__i22/Q
                                          SLICE_R18C8D       CLK_TO_Q1_DELAY  0.779                  3.863  2       
freq_divider/counter[22]                                     NET DELAY        0.882                  4.745  2       
freq_divider/counter_59_add_4_23/C1->freq_divider/counter_59_add_4_23/S1
                                          SLICE_R18C8D       C1_TO_F1_DELAY   0.252                  4.997  1       
freq_divider/n97[22]                                         NET DELAY        0.000                  4.997  1       
freq_divider/counter_59__i22/D                               ENDPOINT         0.000                  4.997  1       


Destination Clock Path
Name                                      Cell/Site Name     Delay Name       Incr   Arrival/Required Time  Fanout  
----------------------------------------  -----------------  ---------------  -----  ---------------------  ------  
                                                             CONSTRAINT       0.000                  0.000  1       
hf_osc/CLKHF                              HFOSC_HFOSC_R1C32  CLOCK LATENCY    0.000                  0.000  29      
freq_divider/clk                                             NET DELAY        3.084                  3.084  29      
{freq_divider/counter_59__i21/CK   freq_divider/counter_59__i22/CK}
                                                             CLOCK PIN        0.000                  3.084  1       
                                                             Uncertainty      0.000                  3.084  
                                                             Hold time        0.000                  3.084  
----------------------------------------  -----------------  ---------------  -----  ---------------------  ------  
Required Time                                                                                       -3.084  
Arrival Time                                                                                         4.997  
----------------------------------------  -----------------  ---------------  -----  ---------------------  ------  
Path Slack  (Passed)                                                                                 1.913  



+++++++++++++++++++++++++++++++++++++++++++++++++++++++++++++++++++++ 
                    End of Detailed Report for timing paths 
+++++++++++++++++++++++++++++++++++++++++++++++++++++++++++++++++++++ 


##########################################################



